1990,Reggie Wilkins Eastern,,10.71
1991,Chris Jackson Woodford County,,10.79
1992,Brian Raspberry Male,,10.81
1993,Brian Raspberry Male,,10.84
1994,Brian Raspberry Male,,10.70
1995,Mark Miller Louisville Male,,10.97
1996,Tony Driver Louisville Male,,11.00
1997,Casey Combest Owensboro,,10.75
1998,Casey Combest Owensboro,,10.71
1999,Tyson Gay Lafayette,,10.81
2000,Tyson Gay Lafayette,,10.78
2001,Tyson Gay Lafayette,,10.46
2002,Todd Chisley Scott County,,10.96
2003,William Carter Apollo,,10.84
2004,Joe Petty Jeffersontown,,10.93
2005,Alfonso Smith Waggener,,10.89
2006,Steve Orndorff Louisville Trinity,,11.22
2007,Justin Green Male,,10.87
2008,Justin Green Male,,10.82
2009,Desmond Suter Bryan Station,,10.81
2010,Chisom Omenyinma Male,,10.94
2011,Ronnie Baker Ballard,,10.89
2012,Ronnie Baker Ballard,,10.65
2013,Willam Bush Ballard,,10.70
2014,Davonte Robinson Henry Clay,,10.85
2015,Austin Hayes South Laurel,,10.76
2016,William Allen Paul Laurence Dunbar,,10.42
2017,JP Vaught Southwestern,,10.81
2018,Langston Jackson Henry Clay,,10.56
2019,Langston Jackson Henry Clay,,10.23
2020,Canceled due to COVID-19 pandemic,,
2021,Bryce Chisley Scott County,,10.64
2004,Zachary Wilder,Woodford County,4:17.88
2005,Michael Eaton,Greenwood,4:20.13
2006,Thomas Davies,St. Xavier,4:18.74
2007,Brian Long,St. Xavier,4:26.09
2008,Ryan Eaton,Greenwood,4:18.83
2009,Ryan Eaton,Greenwood,4:18.39
2010,Ryan Eaton,Greenwood,4:17.91
2011,Andrew Stewart,North Hardin,4:16.10
2012,Luke Weishaar,Oldham County,4:19.52
2013,Patrick Gregory,Butler,4:18.15
2014,William Mulloy,St. Xavier,4:18.38
2015,Ben Young,Tates Creek,4:10.15
2016,Yared Nuguse,DuPont Manual,4:12.10
2017,Yared Nuguse,DuPont Manual,4:17.94
2018,Trevor Warren,Trinity (Lou.),4:16.95
2019,Jacob Brizendine,Oldham County,4:16.68
Year Name(s),,School Time
1966 Kleier,,Atherton 4:20.20
1967 Pohl,,Trinity 4:24.90
1968 Boyd,,Durrett 4:26.40
1969 Harry,,DeSales 4:20.40
1970 Pontrich,,DeSales 4:21.00
1971 Riley,,Atherton 4:20.00
1972 Bullock,,Ballard 4:18.60
1973 Noe,,Trinity 4:17.60
1974 Buechler,,St. Xavier 4:15.00
1975 Kinny,,St. Xavier 4:15.80
1976 Cull,,Atherton 4:23.20
1977 McKay,,Southern 4:26.30
1978 McKay,,Southern 4:25.30
1600 METER RUN,,
Year Name(s),,School Time
1979 James Jeter,,North Hardin 4:19.20
1980 James Jeter,,North Hardin 4:13.80
1981 James Jeter,,North Hardin 4:14.91
1982 Mark Berry,,DuPont Manual 4:20.50
1983 Clay Collier,,Tates Creek 4:19.50
1984 Chuck Harmon,,Campbell County 4:27.39
1985 Barry White,,Southern 4:17.04
1986 Paul Hamilton,,Jessamine County 4:16.44
1987 Paul Hamilton,,Jessamine County 4:16.64
1988 Damian Nally,,Lafayette 4:20.98
1989 Damian Nally,,Lafayette 4:24.00
1990 Aaron Payne,,Pulaski County 4:25.30
1991 Johnny Baum,,Holy Cross (Louisville) 4:22.50
1992 Jeremy Kazlauskas,,Daviess County 4:21.35
1993 Jeremy Kazlauskas,,Daviess County 4:22.76
1994 Ryan Knight,,Male 4:19.83
1995 Ryan Knight,,Louisville Male 4:19.24
1996 Josh Buffolino,,Shelby County 4:18.30
1997 David Christian,,Daviess County 4:21.06
1998 David Christian,,Daviess County 4:17.82
1999 David Christian,,Daviess County 4:14.06
2000 Bobby Curtis,,St. Xavier 4:19.60
2001 Bobby Curtis,,St. Xavier 4:17.43
2002 Bobby Curtis,,St. Xavier 4:13.16
2003 Bobby Curtis,,St. Xavier 4:18.56
Year Name(s),,School,Time
1966 Brown,,Male,9.7
1967 Dean,,Male,10.2
1968 Brown,,Male,10.0
1969 Bowens,,Thomas Jefferson,9.8
1970 Pettway,,Seneca,9.8
1971 Pettway,,Seneca,21.80
1972 Raible,,Trinity,9.80
1974 Perciful,,St. Xavier,10.2
1975 Hill,,Thomas Jefferson,9.60
1976 Agee,,Valley,9.70
1977 Agee,,Valley,9.60
1978 Gray,,Durrett,10.00
100 METER DASH,,,
Year Name(s),,School,Time
1979 Snow,,Bryan Station,11.20
1980 Jerome Harrison,,Seneca,10.70
1981 Alvin Major,,Ballard,10.94
1982 Franklin Allen,,Henry Clay,10.94
1983 Franklin Allen,,Henry Clay,10.65
1984 Derek Robinson,,Lafayette,10.97
1985 Derek Robinson,,Lafayette,10.68
1986 Randy Wyatt,,Paducah Tilghman,10.84
1987 Randy Wyatt,,Paducah Tilghman,10.75
1988 Aaron Payne,,Holy Cross (Louisville),10.58
1989 Aaron Payne,,Holy Cross (Louisville),10.82
1977 Edwards,,Moore 1:55.30
1978 Skaggs,,Valley 2:00.80
800 METER RUN,,
Year Name(s),,School Time
1979 Connell,,Trinity (Louisville) 1:56.30
1980 James Jeter,,North Hardin 1:54.30
1981 James Jeter,,North Hardin 1:56.61
1982 Audley Gordon,,Southern 1:56.23
1983 Darrin Hines,,Pulaski County 1:57.79
1984 Scott Ebelhar,,Apollo 1:54.68
1985 Derrick Saunders,,Ballard 1:55.22
1986 Jeff Gillooly,,Holy Cross 1:55.00
1987 Carl Dillard,,Christian County 1:55.52
1988 John Rhodus,,Bryan Station 1:58.44
1989 Wesley Reed,,Pulaski County 1:59.41
1990 Johnny Baum,,Holy Cross (Louisville) 1:59.15
1991 Johnny Baum,,Holy Cross (Louisville) 1:56.34
1992 Johnny Baum,,Holy Cross (Louisville) 1:57.61
1993 Andrew Lorenz,,Trinity 1:57.72
1994 Jim Hahn,,Meade County 1:58.20
1995 David Douglas,,Meade County 1:54.80
1996 Josh Buffolino,,Shelby County 1:53.16
1997 Stanley Tannyhill,,Male 1:57.02
1998 Derrick Sears,,Pulaski County 1:57.47
1999 James Doaty,,Male 1:52.73
2000 James Doaty,,Male 1:57.47
2001 Chris Hall,,Meade County 1:58.90
2002 Bobby Curtis,,St. Xavier 1:54.72
2003 Bobby Curtis,,St. Xavier 1:54.93
2004 Chris Hall,,Meade County 1:56.34
2005 Phillip Warsaw,,John Hardin 1:55.13
2006 Kenny Minogue,,Louisville Trinity 1:55.77
2007 Jon Erickson,,DuPont Manual 1:55.55
2008 Trent Halasek,,Scott County 1:55.04
2009 Robbie Scharold,,Campbell County 1:54.54
2010 Robbie Scharold,,Campbell County 1:52.19
2011 Tretez Kinnaird,,Butler 1:54.27
2012 Tretez Kinnaird,,Butler 1:49.96
2013 Jimmy Goldson,,Pulaski County 1:55.14
2014 Kendall Muhammad,,Paul Laurence Dunbar 1:54.10
2015 Christian Wright,,Central Hardin 1:52.66
2016 Christian Wright,,Central Hardin 1:52.31
2017 Yared Nuguse,,DuPont Manual 1:54.13
2018 Jacob Burnam,,Trinity (Lou.) 1:56.53
2019 Luke Spurrier,,South Warren 1:52.25
880 YARD RUN,,
Year Name(s),School,Time
1966 Price,Trinity,1:56.90
1967 Baumer,Durrett,1:56.80
1968 Baumer,Durrett,1:54.80
1969 Robinson,Flaget,1:58.00
1970 Spruill,Jeffersontown,1:56.40
1971 Summitt,Fairdale,1:54.70
1972 Jaggers,Butler,1:53.00
1973 G. Hill,Thomas Jefferson,1:55.00
1974 Buechler,St. Xavier,1:56.30
1975 Kieler,Southern,1:56.30
1976 Sirrine,Ballard,1:5870
1976,Veech,Doss,12-00
1977,Elam,Moore,12-06
1978,Meyers,St. Xavier,13-06
1979,Ray,Stuart,13-06
1980,Jeff Davis,Trinity (Louisville),12-06
1981,Kevin Ferguson,Henderson County,14-00
1982,Tom Munich,St. Xavier,14-00
1983,Dan Castle,Madison Central,13-06
1984,Danny Castle,Madison Central,14-01
1985,Brian Kasitz,Madison Central,12-06
1986,Tony Taylor,Iroquois,13-00
1987,Dean McCoy,Covington Catholic,12-06
1988,Adam Smith,Daviess County,15-00
1989,Adam Smith,Daviess County,15-06
1990,Mike Claycomb,Daviess County,14-00
1991,Mike Claycomb,Daviess County,15-00
1992,Andy Knight,Apollo,13-00
1993,Andy Knight,Apollo,14-08
1994,Andy Knight,Apollo,14-06
1995,Dave Francis,Lincoln County,13-06
1996,Lee Miles,Grayson County,14-00
1997,Chris Daniel,St. Xavier,15-00
1998,David Bowersox,Daviess County,13-06
1999,Matt Moore,Madisonville-NH,14-00
2000,David McKenzie,St. Xavier,14-06
2001,Chip Heuser,St. Xavier,14-00
2002,Chip Heuser,St. Xavier,15-07
2003,Chip Heuser,St. Xavier,16-00
2004,Brenden McKenzie,Louisville Trinity,14-06
2005,Chad Smith,Henderson County,14-00
2006,Josh Smith,Grayson County,13-06
2007,Josh Smith,Grayson County,14-03
2008,Adam Hobson,Henderson County,13-00
2009,Evan Pitt,Henderson County,14-00
2010,Ryan Ramsey,St. Xavier,15-07
2011,Brad Zolke,St. Xavier,13-06
2012,Cain Cooper,Henderson County,13-06
2013,Cain Cooper,Henderson County,15-01
2014,Cain Cooper,Henderson County,15-04
2015,Antonio Parker,North Hardin,14-06
2016,Ed Huzyak,South Warren,13-06
2017,Sam Martin,Woodford County,13-06
2018,Ryan Boyle,Trinity (Lou.),13-06
2019,Luke Levinson,Eastern,14-06
Year,Name(s) School,,Mark
1966,Hance Eastern,,6-05
1967,Worth Owensboro,,6-02
1968,Reed Flaget,,6-00
1969,Glass St. Xavier,,6-02
1970,Childer Male,,6-03
1971,Childer Male,,6-03
1972,Trowell Thomas Jefferson,,6-04
1973,Greenwell Waggener,,6-07
1974,Smith Central,,6-06
1975,Flanigan Ballard,,6-04
1976,Maupin St. Xavier,,6-04
1977,Logsdon Iroquois,,6-06
1978,Logsdon Iroquois,,6-04
1979,Steve Wham Henderson County,,6-08
1980,Steve Wham Henderson County,,6-08
1981,John Milburn Male,,6-09
1982,John Milburn Male,,6-06
1983,Gary Novontony Warren Central,,6-06
1984,Bill Jackson Eastern,,6-06
1985,Kevin Sidebottom St. Xavier,,6-09
1986,Kelly Floyd Henderson County,,6-08
1987,Paul Ray Christian County,,6-10.50
1988,Rodney Bottoms DuPont Manual,,6-06
1989,Paul Ray Christian County,,6-06
1990,George Higgins Woodford County,,6-07
1991,Jody Stiles Moore,,6-04
1992,Kio Sanford Bryan Station,,6-04
1993,Pat Farnan St. Xavier,,6-06
1994,Pat Farnan St. Xavier,,6-11
1995,Tony Jarman Holmes,,6-10
1996,Matt Reecer Trinity,,6-08
1997,Matt Reecer Trinity,,6-11.25
1998,Mike McDonald Pulaski County,,6-08
1999,Kurt Kreyling Covington Catholic,,6-04
2000,Larry O’Bannon Male,,6-08
2001,Matt Berrier Ballard,,6-06
2002,Markel Carr Owensboro,,6-08
2003,Graham Cole Henry Clay,,6-04
2004,Graham Cole Henry Clay,,6-04
2005,Steven Jenkins Louisville Trinity,,6-04
2006,Steven Jenkins Louisville Trinity,,6-06
2007,Brandon Walker Marshall County,,6-06
2008,Billy Thompson North Hardin,,6-07
2009,Jonathon Hood Madisonville-NH,,6-06
2010,Donovan Halsel Warren Central,,6-08
2011,Donovan Halsel Warren Central,,6-08
2012,Donovan Halsel Warren Central,,6-04
2013,Jocari Beattie Eastern,,6-08
2014,Tequan Claitt Bryan Station,,6-06
2015,Jaron Brooks Henry Clay,,6-10
2016,Jaron Brooks Henry Clay,,6-10
2017,Patrick Kelly Tates Creek,,6-08
2018,Robbie Springfi eld Trinity (Lou.),,6-04
2019,Justin Lehmkuhler Woodford County,,6-06
2020,Canceled due to COVID-19 pandemic,,
2021,Donsten Brown McCracken County,,6-08
Year,Name(s),School,Mark
1966,Vogt,Manuel,12-00
1967,Price,Waggner,13-00.25
1968,Price,Waggner,13-00
1969,Campbell,Eastern,12-03
1970,Campbell,Eastern,13-06
1971,Minter,Stuart,13-06
1972,Daniels,Fairdale,12-06
1973,Mitchell,Fairdale,12-06
1974,Poling,Ballard,12-06
1975,Coston,Ballard,13-00
1990,Lewis Ridgeway Paducah Tilghman,,11.05
1991,Jamie Henderson Franklin County,,11.23
1992,Chris Jackson Woodford County,,10.89
1993,Chris Jackson Woodford County,,11.03
1994,Terrell English Paducah Tilghman,,11.23
1995,Lorenzo Tooley Monroe County,,10.77
1996,Josh Ellis Paducah Tilghman,,10.61
1997,Josh Ellis Paducah Tilghman,,10.69
1998,Jonathan Embree Bowling Green,,10.90
1999,Jonathan Brown Union County,,10.98
2000,Patrick Johnson Bowling Green,,11.29
2001,Emanueal Harvey Paducah Tilghman,,11.03
2002,John Logan Lexington Catholic,,11.07
2003,John Logan Lexington Catholic,,10.90
2004,Brandon Austin Heath,,11.04
2005,David Jones Belfry,,11.04
2006,Justin Collins Western,,11.32
2007,Tory Parker Paducah Tilghman,,11.15
2008,Winston Guy Lexington Catholic,,11.29
2009,Andy Lewis Johnson Central,,10.97
2010,Erico Smith Spencer County,,10.96
2011,Ryan Timmons Franklin County,,11.02
2012,Ryan Timmons Franklin County,,10.84
2013,Ryan Timmons Franklin County,,11.06
2014,Jake Erpenbeck Cov. Catholic,,10.93
2015,Quinton Baker Ashland Blazer,,10.79
2016,Jairus Brents Waggener,,11.06
2017,Landen Bartleson Boyle County,,10.95
2018,Connor Newhouse North Oldham,,10.74
2019,Chris Duffy Boyle County,,10.46^
2020,Canceled due to COVID-19 pandemic,,
2021,Kelvion Wilson John Hardin,,10.84
"^wind +2.2",,,
2000,Chris Young,Allen Co.-Scottsville,4:26.24
2001,Brandon Lancaster,Muhlenburg North,4:29.85
2002,Daniel Morgan,Boyle County,4:27.60
2003,Jonathan Thomas,Western Hills,4:23.13
2004,Breylen Derrick,Highlands,4:20.46
2005,Emon Casey,Paducah Tilghman,4:23.58
2006,Ron Duncan,Fleming County,4:22.86
2007,Nathan Liversedge,West Jessamine,4:24.06
2008,Brian Mirrielees,Highlands,4:22.49
2009,Will Stratford,West Jessamine,4:27.20
2010,Robert Sandlin,Franklin County,4:21.21
2011,Jared Skrabacz,South Warren,4:20.54
2012,Nicholas Laureano,Lexington Catholic,4:24.54
2013,Nicholas Laureano,Lexington Catholic,4:22.74
2014,Trenton Fryman,North Oldham,4:22.72
2015,Ethan Shuley,Highlands,4:18.81
2016,Trenton Fryman,North Oldham,4:28.63
2017,Spencer Carman,Lexington Catholic,4:23.52
2018,Spencer Carman,Lexington Catholic,4:25.46
2019,Ryan Maynard,Taylor County,4:29.53
MILE RUN,,
Year Name(s),School,Time
1966 Remole,Owensboro,4:22.80
1967 Remole,Owensboro,4:31.50
1968 DeVoto,Newport Catholic,4:23.90
1969 Nichols,Elizabethtown,4:28.00
1970 Smith,Knox Central,4:32.40
1971 Smith,Knox Central,4:30.00
1972 Smith,Knox Central,4:21.60
1973 Strohmeier,Paducah Tilghman,4:28.40
1974 Miller,Owensboro,4:22.70
1975 Sheffer,Union County,4:28.80
1976 Creekmore,Whitley County,4:19.03
1977 Grumback,Paducah Tilghman,4:22.70
1978 Jeter,North Hardin,4:21.30
100 YARD DASH,,
Year Name(s),School,Time
1966 Moser,Boone County,10.00
1967 Gallichio,Newport Catholic,10.00
1968 Welch,Elizabethtown,10.00
1969 Blair,Bryan Station,10.00
1970 Collins,Madisonville No.,10.00
1971 Gallichio,Newport Catholic,10.00
1972 Moore,Tates Creek,22.20
1973 Mitchell,Tates Creek,10:10
1974 Mitchell,Tates Creek,9.80
1975 Johnson,Lafayette,9.70
1977 Prewitt,Lafayette,10.00
1978 Jones,Danville,9.80
100 METER DASH,,
Year Name(s),School,Time
1979 Choo Choo Lee,Paducah Tilghman,10.04
1980 Choo Choo Lee,Paducah Tilghman,10.90
1981 Clay Parker,Paducah Tilghman,11.05
1982 James Jackson,Franklin County,11.08
1983 Derek Bowman,Owensboro Catholic,11.04
1984 Conner Mason,Paducah Tilghman,10.86
1985 Glenn Jackson,Franklin County,10.72
1986 Al Baker,Trigg County,10.83
1987 Gregg Bridges,Trigg County,11.24
1988 Randy Wyatt,Paducah Tilghman,10.63
1989 Randy Wyatt,Paducah Tilghman,10.63
1600 METER RUN,,
Year Name(s),School,Time
1977 Grumback,Paducah Tilghman,4:22.70
1978 Jeter,North Hardin,4:21.30
1979 Young,Union County,4:23.89
1980 Doug Fultz,Russell,4:19.70
1981 Mike Ling,Highlands,4:19.66
1982 Steve Metzger,Barren County,4:25.00
1983 Mike Wilson,Rowan County,4:16.90
1984 James Boxx,Middlesboro,4:29.35
1985 Shawn Pawsat,Highlands,4:28.37
1986 Jeff Moll,Lexington Catholic,4:23.02
1987 Jimmy Herald,Warren East,4:18.20
1988 Brian Binion,Rowan County,4:26.23
1989 Brian Binion,Rowan County,4:25.05
1990 Jeff Scott,Fort Campbell,4:28.33
1991 Cleve Eldridge,Anderson County,4:29.05
1992 Cleve Eldridge,Anderson County,4:29.65
1993 Dennis Hutchinson,Pendleton County,4:22.96
1994 Thomas Murley,Elizabethtown,4:27.67
1995 Thomas Murley,Elizabethtown,4:25.25
1996 La’Mone Owens,Fort Campbell,4:15.96
1997 Paul Gilvin,Fleming County,4:25.89
1998 Justin Griffi n,Bowling Green,4:24.88
1999 Thomas Morgan,Lexington Catholic,4:18.95
1973 Briscoe,,Bryan Station,1:56.90
1974 Jones,,Owensboro,1:55.60
1975 Jones,,Owensboro,1:56.10
1976 Thomas,,Henry Clay,1:57.3
1977 Grumback,,Paducah Tilghman,1:59.20
1978 Thomas,,Henry Clay,1:55.00
800 METER RUN,,,
Year Name(s),,School,Time
1979 Fultz,,Russell,1:58.64
1980 Doug Murphy,,Pulaski County,1:56.30
1981 Pat Alexander,,Grayson County,1:58.41
1982 Chucky Crabtree,,Webster County,1:59.09
1983 Todd Powers,,Knox Central,1:59.77
1984 Jeff Caldwell,,Scott County,1:57.49
1985 Larry Jackson,,Mayfi eld,1:56.25
1986 Larry Jackson,,Mayfi eld,1:55.50
1987 Larry Jackson,,Mayfi eld,1:56.30
1988 Brian Binion,,Rowan County,1:59.73
1989 Eddie Olding,,Grant County,1:55.99
1990 Todd Johnson,,Hart County,1:59.15
1991 Cleve Eldridge,,Anderson County,1:58.75
1992 Brad Rodgers,,Russell,1:56.91
1993 Jamie Pendygraft,,Barren County,1:55.54
1994 Wes Freeland,,Elizabethtown,1:56.95
1995 Wes Freeland,,Elizabethtown,1:58.16
1996 Wes Freeland,,Elizabethtown,1:57.36
1997 Skyler Smith,,Union County,1:59.52
1998 Skyler Smith,,Union County,1:55.84
1999 Skyler Smith,,Union County,1:54.59
2000 Wes Meserve,,Hancock County,1:58.05
2001 Marcus Johnson,,Shawnee,2:03.91
2002 Chris Fountain,,Paducah Tilghman,2:01.01
2003 Chris Fountain,,Paducah Tilghman,1:59.68
2004 Breylen Derrick,,Highlands,1:56.88
2005 Patrick Morgan,,Boyle County,1:54.65
2006 Ron Duncan,,Fleming County,1:59.49
2007 Brian Mirrielees,,Highlands,1:59.13
2008 Thomas Canary,,Lexington Catholic,1:54.06
2009 Thomas Canary,,Lexington Catholic,1:54.94
2010 Haile Jemane,,Louisville Central,1:56.92
2011 Jeremy Rice,,North Oldham,1:57.78
2012 Leonard Faul,,South Oldham,1:57.09
2013 Nicholas Laureano,,Lexington Catholic,1:55.81
2014 Conner Cloyd,,Christian Academy,1:57.56
2015 Chas Warden,,Elizabethtown,1:56.40
2016 Trenton Fryman,,North Oldham,1:59.12
2017 Alex McClarty,,North Oldham,1:56.80
2018 Jackson Cox,,Boyle County,1:57.05
2019 Jackson Cox,,Boyle County,1:57.07
Year,Name(s),School,Time
1966,Keller,Lexington Catholic,1:54.10
1967,Harris,Elizabethtown,1:58.80
1968,Johnson,Bryan Station,1:58.80
1969,Peterson,Elizabethtown,1:59.70
1970,Young,Somerset,1:59.60
1971,Harbutt,Bryan Station,1:57.00
1972,Heilman,Highlands,1:59.10
1968,Harriford,Paducah Tighlman,13-00
1969,Harriford,Paducah Tighlman,13-00
1970,Nonwieler,Davies County,13-00
1971,Kollross,Lafayette,13-06
1972,Freeman,Lafayette,14-09
1973,DeCaussin,Daviess County,12-09
1974,Decoussin,Daviess County,12-06
1975,Gundlach,Shelby County,14-11
1976,Marshall,Woodford County,13-06
1977,Marshall,Woodford County,13-00
1978,Quisenberry,Daviess County,13-03
1979,Mucci,Woodford County,13-00
1980,Ken Corbin,Barren County,12-06
1981,Ken Corbin,Barren County,13-06
1982,Dean Kauffman,Paducah Tilghman,12-00
1983,Chris Samples,Paducah Tilghman,13-00
1984,Mike Frisch,Covington Catholic,12-00
1985,Todd Clemmons,Barren County,12-09
1986,Norman Hanley,Russell,12-06
1987,Rob Pinkston,Highlands,13-06
1988,Nathan Brown,Russell,13-06
1989,Nathan Brown,Russell,13-06
1990,Mitch Hobbs,Oldham County,15-01
1991,John Williams,Fort Knox,13-06
1992,Ryan Franklin,Harrison County,13-00
1993,John Beck,Fort Campbell,12-06
1994,Kevin Case,Harrison County,12-06
1995,Rob Little,Powell County,14-00
1996,Rob Little,Powell County,15-02
1997,David Blakeman,Boyle County,14-01
1998,Joe Compton,Highlands,12-00
1999,Eric Cockley,Western Hills,13-00
2000,Wes Dockery,Webster County,12-06
2001,Dustin Kehoe,Mason County,12-06
2002,Brian Edwards,Fleming County,13-06
2003,Corey Brown,West Jessamine,13-06
2004,Jimmy Gesenhues,Highlands,12-00
2005,Jimmy Gesenhues,Highlands,13-00
2006,Nick Edwards,Fleming County,13-00
2007,Andrew Warmath,Paducah Tilghman,14-06
2008,Andrew Fadley,West Jessamine,13-00
2009,Greg Phillips,Knox Central,12-06
2010,Jordan Ellison,Casey County,12-06
2011,Will Torbeck,Covington Catholic,12-09
2012,Brooks Devine,Marion County,13-06
2013,Brooks Devine,Marion County,14-03
2014,Ben Huzyak,South Warren,13-00
2015,Ed Huzyak,South Warren,14-00
2016,Kaleb Humphries,Elizabethtown,13-00
2017,Lucas Downs,Bardstown,14-06
2018,Clayton Franklin,North Oldham,15-02.25
2019,Nate Hoppes,Marion County,13-06
Year Name(s),School,,Mark
1966 Farley,Elizabethtown,,6-00.75
1967 Worth,Owensboro,,6-02
1968 Shulman,Paducah Tighlman,,6-02.75
1969 Wilson,Union County,,6-04.00
1970 Wilson,Union County,,6-04.50
1971 Chapman,Bryan Station,,6-04.00
1972 Thomas,Danville,,6-06.25
1973 Allen,Harrison County,,6-04
1974 Slaughters,Henderson County,,6-04
1975 Bivins,Apollo,,6-04
1976 Mays,Danville,,6-05
1977 Mays,Danville,,6-09.50
1978 Mays,Danville,,6-08
1979 Ken Wilson,Union County,,6-06
1980 Ken Wilson,Union County,,6-09.75
1981 Ken Wilson,Union County,,6-10
1982 Kevin Market,Webster County,,6-08
1983 Eric Everhart,Union County,,6-06
1984 Todd Albritton,Calloway County,,6-06
1985 Matt Harrell,Warren East,,6-05
1986 Matt Harrell,Warren East,,6-06
1987 Drew Muntz,Harrison County,,6-06
1988 Tom Noe,Highlands,,6-10.75
1989 David Stone,Union County,,6-08
1990 Paul Akers,Morgan County,,6-10
1991 Paul Akers,Morgan County,,6-10
1992 Paul Akers,Morgan County,,6-08
1993 Robin Handley,Owensboro,,6-06
1994 Gabe Bostic,Fort Knox,,6-06
1995 Andre McFadden,Fort Knox,,6-08
1996 David Reed,Mason County,,6-06
1997 B.T. Pickett,Ryle,,6-02
1998 Randy Worthington,Highlands,,6-06
1999 Brent Weaver,Sheldon Clark,,6-06
2000 Harry Lewis,Mason County,,6-06
2001 Harry Lewis,Mason County,,6-04
2002 Adam Workman,Pendleton County,,6-08
2003 Brian Gifford,Warren East,,6-04
2004 Sam Mincey,Rowan County,,6-04
2005 Marty Dummitt,Lewis County,,6-02
2006 Marty Dummitt,Lewis County,,6-04
2007 Bryce Mickey,Bell County,,6-04
2008 Lin Millett,Lexington Catholic,,6-02
2009 Alex Connelly,Covington Catholic,,6-04
2010 Chris Ulis,Elizabethtown,,6-04
2011 Tyler Bray,Lloyd Memorial,,6-08
2012 Tyler Bray,Lloyd Memorial,,6-10.75
2013 Micah Smith,Casey County,,6-04
2014 Jurien Royal,Elizabethtown,,6-08
2015 Patrick Kelly,Lexington Catholic,,6-06
2016 Deshawn Bell,DeSales,,6-02
2017 Aaron Johnson,Mercer County,,6-07
2018 De’Anta Sanon,East Jessamine,,6-04
2019 Standford Walker,Russell,,6-04
2020 Canceled due to COVID-19 pandemic,,,
2021 Avery Bell,Bardstown,,6-04
POLE VAULT,,,
Year Name(s),School,,Mark
1966 Swope,Daviess County,,14-00
1967 Davis,Woodford County,,13-00
1990,Troy McCown,Danville,10.95
1991,William Murrell,Mayfi eld,11.07
1992,Willie Jones,Fort Knox,11.18
1993,Augie Marks,Lloyd Memorial,11.06
1994,Salim Sanchez,Murray,11.34
1995,Salim Sanchez,Murray,11.42
1996,Dante’ Drane,Russellville,11.52
1997,Salim Sanchez,Murray,11.16
1998,Ryan Potter,Jenkins,11.48
1999,Justin Parks,Harrodsburg,11.20
2000,Boyzzz Khumalo,Bethlehem,11.16
2001,Bobby Smith,Murray,11.21
2002,Brian Johnson,Bardstown,11.15
2003,Letiz Arnold,Ballard Memorial,11.03
2004,Tim Hill,Crittenden County,11.13
2005,Malcolm Busby,Fulton County,11.14
2006,Derrick Stallworth,Fort Campbell,11.01
2007,Derrick Stallworth,Fort Campbell,10.97
2008,John Cole,Somerset,11.30
2009,Quan Weaver,Frankfort,11.13
2010,Aaron Hall,Frankfort,11.50
2011,Donovan Burton,Green County,11.24
2012,Andre Klaassen,Whitefi eld Academy,11.09
2013,Cam Cheuvront,Somerset,10.99
2014,Khari Saunders,Fort Knox,10.89
2015,Kendon Young,Campbellsville,11.25
2016,Max Bearden,Holy Cross (Lou.),11.12
2017,Seth Evers,Bellevue,11.28
2018,Dmauriae Vancleeve,Danville,10.96
2019,Ryan Long,Trimble County,11.02
2004,Julian Boggs,Berea,4:34.34
2005,Matthew Shoulta,St. Mary,4:31.07
2006,Chad Schmidt,Bishop Brossart,4:32.17
2007,Gordy Dooley,St. Henry,4:29.92
2008,Gordy Dooley,St. Henry,4:23.83
2009,Corey Stoll,Villa Madonna,4:23.43
2010,Jacob Thomson,Holy Cross (Lou.),4:24.70
2011,Jacob Thomson,Holy Cross (Lou.),4:27.64
2012,Jacob Thomson,Holy Cross (Lou.),4:10.80
2013,Jacob Thomson,Holy Cross (Lou.),4:09.99
2014,Eric Baugh,Villa Madonna,4:22.82
2015,Eric Baugh,Villa Madonna,4:26.97
2016,Dedrick Troxell,Green County,4:26.87
2017,Keeton Thornsberry,Holy Cross (Lou.),4:23.91
2018,Keeton Thornsberry,Holy Cross (Lou.),4:19.97
2019,Keeton Thornsberry,Holy Cross (Lou.),4:18.77
MILE RUN,,
Year Name(s),School,Time
1966 Banks,MMI,4:38.40
1967 Banks,MMI,4:20.80
1968 Daffron,Monticello,4:33.00
1969 Daffron,Monticello,4:29.60
1970 Hill,Bardstown,4:36.10
1971 Dieruf,Frankfort,4:36.90
1972 Mitchell,Williamsburg,4:35.30
1973 Mitchell,Williamsburg,4:30.60
1974 Baker,Providence,9:44.90
1975 Depriest,Jenkins,4:31.6
1976 Dunbar,Providence,4:26
1977 Raines,Breckinridge,4:22.70
1978 Narrimore,Jenkins,4:27.50
100 YARD DASH,,
Year Name(s),School,Time
1966 Green,Eminence,9.70
1967 Green,Eminence,9.60
1968 Parks,Harrodsburg,10.00
1969 Robinson,Frankfort,10.20
1970 Parks,Harrodsburg,9.70
1971 Johnson,Frankfort,10.30
1972 Willis,Sayre,10.20
1973 Edmonson,Lone Jack,10.30
1974 Hawkins,Mt. Sterling,9.80
1975 Hawkins,Mt. Sterling,9.90
1977 Dean,Madison,10.00
1978 Alexander,Trigg County,10.00
Year,Name(s),School Time
1979,Greg Briscoe,Corbin 4:27.18
1980,Sam Love,Trigg County 4:21.80
1981,Sam Love,Trigg County 4:15.85
1982,Sam Love,Trigg County 4:16.30
1983,Gavin Gaynor,Hancock County 4:19.00
1984,Sean Howard,Elliot County 4:26.78
1985,John Juper,Bishop Brossart 4:23.18
1986,John Kuper,Bishop Brossart 4:27.38
1987,Bryan Mertens,Bellevue 4:29.50
1988,John Struss,Berea 4:25.44
1989,Ed Wilhite,Danville 4:31.95
1990,Brandon Gayheart,Cordia 4:29.00
1991,Tom Gabriel,Nicholas County 4:20.80
1992,Brandon Gayheart,Cordia 4:31.99
1993,Justin Thompson,Frankfort 4:22.44
1994,Houston Barber,Frankfort 4:14.83
1995,Jason Boberg,Bellevue 4:36.13
1996,Matt Ryan,St. Henry 4:33.22
1997,Matt Ryan,St. Henry 4:32.04
1998,Joe Qualls,Holy Cross-Covington 4:29.37
1999,Jake Karn,Paintsville 4:27.17
2000,Alex Brey,Kentucky Country Day 4:24.23
2001,Alex Brey,Kentucky Country Day 4:29.29
2002,Paul Markus,Bishop Brossart 4:28.02
2003,Chris Danks,St. Henry 4:26.80
100 METER DASH,,
Year Name(s),School,Time
1979 Alexander,Trigg County,9.87
1980 James Jones,Harrodsburg,10.90
1981 Jeff Hines,Somerset,11.17
1982 Calvin Turnley,Trigg County,11.33
1983 Mark Mitchell,Lexington Catholic,11.07
1984 Mark Mitchell,Lexington Catholic,10.94
1985 Al Baker,Trigg County,10.70
1986 Lanie Fomas,Paris,11.09
1987 Laine Fomas,Paris,11.11
1988 Troy McCown,Danville,11.03
1989 Chris Ledington,Corbin,10.84
800 METER RUN,
Year Name(s),School Time
1979 Clemmons,Bath County 2:01.44
1980 Sam Love,Trigg County 1:56.70
1981 Sam Love,Trigg County 1:54.47
1982 Sam Love,Trigg County 1:56.11
1983 Gavin Gaynor,Hancock County 1:55.61
1984 Greg Rawe,Bishop Brossart 1:58.76
1985 Kirby White,Jenkins 1:58.66
1986 Don Strange,Dayton 2:01.63
1987 Andy Beutel,Ludlow 2:01.10
1988 Marc Estep,Harlan 1:59.21
1989 Shannon Haggard,Bellevue 1:57.10
1990 Rick Marrani,Newport Central Cath. 2:00.58
1991 Tom Gabriel,Nicholas County 1:57.78
1992 Brandon Gayheart,Cordia 1:58.79
1993 Phil Robinson,Lexington Catholic 1:56.63
1994 Houston Barber,Frankfort 1:59.30
1995 Jason Anderson,St. Mary 2:02.53
1996 Christian Key,Williamsburg 2:00.56
1997 Christian Key,Williamsburg 2:01.65
1998 Clay Smither,Frankfort 1:59.11
1999 Clay Smither,Frankfort 1:58.11
2000 John Shumate,Saint Francis 2:00.99
2001 Paul Markus,Bishop Brossart 1:59.51
2002 Paul Markus,Bishop Brossart 1:57.76
2003 Craig Smith,Cumberland County 1:58.30
2004 Jon Buchanan,Green County 2:01.15
2005 Matthew Shoulta,St. Mary 2:00.71
2006 Ross Hempel,Danville 1:58.42
2007 Ross Hempel,Danville 1:57.83
2008 Ross Hempel,Danville 1:58.07
2009 Corey Stoll,Villa Madonna 1:56.12
2010 Adam Kahleifeh,Bardstown 1:57.46
2011 Jacob Thomson,Holy Cross (Lou.) 1:58.93
2012 Jacob Thomson,Holy Cross (Lou.) 1:57.38
2013 Sam Barth,Newport Catholic 1:58.20
2014 Eric Baugh,Villa Madonna  1:58.12
2015 Eric Baugh,Villa Madonna 1:55.87
2016 Nick Hickey,Holy Cross (Lou.) 1:59.73
2017 Dedrick Troxell,Green County 1:57.29
2018 Dedrick Troxell,Green County 1:58.79
2019 Keeton Thornsberry,Holy Cross (Lou.) 1:56.76
Year,Name(s),School Time
1966,Rye,MMI 2:03.90
1967,Keller,Lexington Catholic 1:58.30
1968,Lewman,Louisville Country Day 2:01.30
1969,Smither,Frankfort 1:57.60
1970,Woolfolk,Providence 2:04.60
1971,Asriel,Paris 2:01.80
1972,Jones,Bath County 2:04.30
1973,Mangus,Model 2:01.30
1974,Willoughly,Critten County 1:58.30
1975,Lee,Bellevue 1:58.80
1976,McIntosh,Lexington Catholic 1:59.0
1977,Narrimore,Jenkins 1:59.90
1978,Narrimore,Jenkins 2:01.50
1980,Steve Keller Morgan County,11-06
1981,Mel Stewart Somerset,12-06
1982,Chris Rose Fort Knox,12-06
1983,Stuart White Trigg County,12-10
1984,Gerald Wood Hancock County,12-00
1985,Mark Casey Anderson County,12-06
1986,Bryan Veatch Bellevue,13-06
1987,David Vallandingham Ludlow,11-00
1988,Beau Brown Mayfi eld,12-00
1989,Beau Brown Mayfi eld,12-06
1990,Beau Brown Mayfi eld,13-06
1991,Eric Johnson Bellevue,12-00
1992,Sean Stogner Murray,14-06
1993,Aaron Jones Bellevue,13-00
1994,Aaron Jones Bellevue,13-06
1995,Tony Pabst Bellevue,12-06
1996,Shawn Egan St. Henry,10-06
1997,Mike Wolfe Walton-Verona,11-06
1998,Casey Meyer Newport Central Cath.,12-00
1999,Joe Pence Ludlow,12-00
2000,Matt Moore University Heights,14-07
2001,Nathan Hall Dayton,12-00
2002,Danny Braun St. Henry,11-00
2003,Danny Braun St. Henry,12-00
2004,Josh Adkins Raceland,12-09
2005,Eric Beane Bishop Brossart,12-00
2006,Michael Seaman Bardstown,14-00
2007,Michael Seaman Bardstown,14-07
2008,Matt Case Bardstown,12-06
2009,JP Willett Bardstown,13-00
2010,JP Willett Bardstown,12-06
2011,Justin Mahoney Owensboro Catholic,13-00
2012,Zach Haacke St. Henry,13-00
2013,Stephen Orr Murray,14-00
2014,Connor Messer Raceland,14-00
2015,Connor Messer Raceland,14-07.25
2016,Jake Blieden Lou. Collegiate,13-06
2017,Logan Blaut St. Henry,12-00
2018,Jake Davidson Lloyd Memorial,13-06
2019,Jake Davidson Lloyd Memorial,13-06
2020,Canceled due to COVID-19 pandemic,
1966,Burse,Attucks,6-02
1967,Rothfuss,Bellevue,6-00
1968,Ernst,Lexington Catholic,6-00
1969,Childs,Shelbyville,6-00
1970,Wheeler,Crittenden County 6-01.25,
1971,Jones,Murray,6-00
1972,Tonnekacker,St. Mary,6-02
1973,Hamblin,Williamsburg,6-01
1974,Lynch,Edmonson County,6-02
1975,Lynch,Edmonson County,6-08
1976,Richardson,Murray,6-02
1977,Mays,Harrodsburg,6-03
1978,Mays,Harrodsburg,6-06
1979,Jerry Bailey,Fort Campbell,6-05
1980,Jerry Bailey,Fort Campbell,6-08
1981,Roray Norvell,Fort Campbell,6-04
1982,Walter Kivett,Somerset,6-06
1983,Mark Boggess,Murray,6-06
1984,J.B. Brown,Fort Knox 6-10.25,
1985,Donald Overstreet,St. Mary,6-06
1986,Gary Dotson,Nicholas County,6-06
1987,Donald Overstreet,St. Mary,6-04
1988,Damon Tignor,Oneida Baptist Institute,6-07
1989,Damon Tignor,Oneida Baptist Institute,6-08
1990,Damon Tignor,Oneida Baptist Institute,6-06
1991,Jason Hagan,Kentucky County Day,6-09
1992,Eugene Grundy,Bardstown,6-08
1993,Eugene Grundy,Bardstown,6-08
1994,Andy Wilhite,Harrodsburg,6-02
1995,Seth Philyaw,Oneida Baptist,6-04
1996,John Burr,Bardstown,6-04
1997,John Burr,Bardstown,6-06
1998,Keith Shuler,St. Henry,6-08
1999,Keith Schuler,St. Henry,6-06
2000,Jeff Topmiller,Saint Henry,6-08
2001,Maurice Hampton,Russellville,6-02
2002,Roger Kaylor,Fairview,6-06
2003,Chris Payne,Bardstown,6-06
2004,Chris Payne,Bardstown,6-02
2005,Jeremy Jones,Trigg County,6-04
2006,Kenton Cage,Russellville,6-03
2007,Matt Hansman,Bishop Brossart,6-04
2008,Ben Bessler,St. Henry,6-00
2009,Ben Bessler,St. Henry,6-04
2010,Ben Bessler,St. Henry,6-04
2011,Victor Hampton,Russellville,6-02
2012,Craig Aldridge,St. Henry,6-02
2013,Mason Rutherford,Fairview,6-06
2014,Connor Messer,Raceland,6-04
2015,Connor Messer,Raceland,6-04
2016,Carson Williams,Owen County,6-02
2017,Jonathan Hilbrech,Murray,6-04
2018,Trey Bonne,Walton-Verona,6-00
2019,Trey Bonne,Walton-Verona,6-06
Year,Name(s),School Mark
1966,Sprunger,Murray 12-06
1967,Descombes,MMI 12-03
1968,Descombes,Millersburg Mil. Inst. 13-01.25
1969,Descombes,Millersburg Mil. Inst.  13-06
1970,Childress,Murray 11-00
1971,Childress,Murray 11-06
1972,Carter,Tompkinsville 11-00
1973,Lovens,Dayton 12-00
1974,Roach,Trigg County 11-06
1975,Dohring,Fort Campbell 12-06
1976,Sparks,Dayton 11-02
1977,Bogdal,Fort Campbell 12-06
1978,Turner,Edmonson County 12-06
1979,Brown,Fort Campbell 11-06
