2006 Girls Track & Field State Champions,x,x,x
,,,
,,,
100 M Dash,,,
Class Name School  Time,,,
AAAAA Tressi Richardson Cibola  12.27,,,
AAAA  Jazmine Ralph Del Norte 12.71,,,
AAA Ashley Ferguson Hot Springs 12.89,,,
AA Lily Miller Santa Fe Prep  12.93,,,
A Laura Pharies  Roy 13.06,,,
,,,
200 M Dash,,,
Class Name School  Time,,,
AAAAA Hawa Konte Eldorado 25.42,,,
AAAA  Jazmine Ralph  Del Norte  25.89,,,
AAA Ashley Ferguson Hot Springs 26.17,,,
AA Lily Miller Santa Fe Prep  26.50,,,
A Laura PhariesRoy 26.57,,,
,,,
400 M Dash,,,
Class Name School  Time,,,
AAAAA Grace Rich La Cueva  56.88,,,
AAAA  Lyndsay Harper  Albuquerque Academy 57.44,,,
AAA Stephanie Louis St. Michael’s58.82,,,
AA Amanda Armendariz Hope Christian 1:00.80,,,
A Laura Pharies  Roy 59.95,,,
,,,
800 M Dash,,,
Class Name School  Time,,,
AAAAA Grace Rich La Cueva 2:17.62,,,
AAAA  Lyndsay Harper Albuquerque Academy 2:15.90,,,
AAA Irena Ossola St. Michael’s2:27.91,,,
AA Bronwyn Bedrick Sandia Prep 2:24.07,,,
A Whitley Coca  Cimarron  2:25.09,,,
,,,
1600 M Run,,,
Class Name School  Time,,,
AAAAA Julie Brasher  Eldorado 5:07.86,,,
AAAA  Tara Gardenhire Farmington  5:20.29,,,
AAA Irena Ossola  St. Michael’s5:16.16,,,
AA Ashley Quintana  Pecos 5:31.52,,,
A Whitley Coca  Cimarron 5:34.80,,,
3200 M Run,,,
Class Name,School,Time,
AAAAA Vanessa Ortiz,Cibola,11:09.1,
AAAA  Jackie Campos,Santa Teresa,11:55.6,
AAA Tess Amer,St. Michael’s,11:24.1,
AA Chantel Hunt,Navajo Pine,12:21.6,
A Raquel Baca,Alamo Navajo,12:20.6,
,,,
100 M Hurdles (33”),,,
Class Name,School,Time,
AAAAA Alexandra Darling,La Cueva,15.7,
AAAA  Alexandra Hathaway,Kirtland Central,16.13,
AAA Robyn  North,Cobre,16.41,
AA Alyssa Flores,Santa Rosa,16.49,
A JaTawn Slutz,San Jon,17.18,
,,,
300 M Hurdles,,,
Class Name,School,Time,
AAAAA Kim Perkins,Clovis,44.45,
AAAA  Lindsey Shepard,Albuquerque Academy,46.12,
AAA Angela Gardner,Ruidoso,47.36,
AA Dayna Galindo,Estancia,47.44,
A Stacey McCoy,Mountainair,47.63,
,,,
400 M Relay,,,
Class,School,Time,
AAAAA,Cibola,48.47,
AAAA,Roswell,50.16,
AAA,Robertson,50.66,
AA,Santa Fe Prep,51.41,
A,Jal,52.14,
,,,
800 M Relay,,,
Class,School,Time,
AAAAA,Highland,01:42.7,
AAAA,Moriarty,01:45.5,
AAA,Robertson,01:46.7,
AA,Hope Christian,01:50.1,
A,Cimarron,01:50.9,
1600 M Relay Medley,,,
Class,School,Time,
AAAAA,Eldorado,04:18.4,
AAAA,Farmington,04:18.4,
AAA,Robertson,04:30.2,
AA,Escalante,04:30.9,
A,Fort Sumner,04:37.6,
,,,
1600 M Relay,,,
Class,School,Time,
AAAAA,La Cueva,03:58.5,
AAAA,Moriarty,4.02.17,
AAA,Ruidoso,4.06.75,
AA,Santa Fe Prep,04:16.3,
A,Cimarron,04:20.4,
,,,
Discus,,,
Class Name,School,Distance,
AAAAA Nicole Zarrella,Rio Rancho,120’-06”,
AAAA  Tami Williams,Artesia,114’-05”,
AAA Deidra Brown,Bloomfield,129’-10”,
AA Jamie Jones,Tucumcari,117’-06”,
A Sloane Dunnahoo,Hagerman,116’-07”,
,,,
Long Jump,,,
Class Name,School,Distance,
AAAAA Deanna Young,Highland,18’-00.25”,
AAAA  Hannah Rhoten,St. Pius,17’-06.50”,
AAA Alissa Horacek,Grants,16’-10.75”,
AA Lily Miller,Santa Fe Prep,16’-11.00”,
A Claudia Navarrette,Jal,17’-00.25”,
,,,
High Jump,,,
Class Name,School,Distance,
AAAAA Ebony Bunton,Clovis,5’-04.00”,
AAAA  Lindsey Shepard,Albuquerque Academy,5’-04.25”,
AAA Sheena Meech,Grants,5’-00.00”,
AA Traci Lopez,Santa Fe Prep,5’-00.00”,
A Claudia Navarrette,Jal,5’-00.00”,
Triple Jump,,,
Class Name,School,Distance,
AAAAA Deanna Young,Highland,38’-08.00”,
AAAA  Chantelle Riddle,Roswell,38’-00.25”,
AAA Alissa Horacek,Grants,35’-05.50”,
AA Dayna Galindo,Estancia,32’-05.00”,
A Whitney Whittaker,Carrizozo,32’-07.00”,
,,,
Pole Vault,,,
Class Name,School,Distance,
AAAAA Alex Berlin,Eldorado,11’-00.00”,
AAAA  Tara Blanco,Piedra Vista,10’.00-00”,
AAA Sunni Barid,Bloomfield,9’-00.00”,
AA LaDon Mendez,Tularosa,8’-00.00”,
A Sara Lee,House,9’-06.00”,
,,,
Shot Put,,,
Class Name,School,Distance,
AAAAA Noel Cardon,Alamogordo,39’-02.75”,
AAAA  Christina Sanchez,Artesia,38’-06.25 “,
AAA Deidra Brown,Bloomfield,41’-05.75”,
AA Brooke Bailey,Texico,33’-10.75”,
A Sloane Dunnahoo,Hagerman,34’-05.25”,
,,,
Javelin,,,
Class Name,School,Distance,
AAAAA Aimee Hilburn,Clovis,122’-10”,
AAAA  Sara Swiderek,Albuquerque Academy,126’-08”,
AAA Alexandria Ramirez,Ruidoso,129’-03”,
AA Natasha Gray,Hope Christian,118’-07”,
A Reahannon Lizardo,Tatum,119’-07”,
2005 Girls Track & Field State Champions,,,
,,,
,,,
100 M Dash,,,
Class Name School Time,,,
AAAAA Tressi Richardson Cibola 12.83,,,
AAAA Darnisha Jones Oñate  12.84,,,
AAA Amanda Gay Bloomfield 13.17,,,
AA Kristin Smothermon Ft. Sumner Christian 13.23,,,
A Sandy Fortner Ft. Sumner 13.04,,,
,,,
200 M Dash,,,
Class Name School Time,,,
AAAAA Tressi Richardson Cibola 25.17,,,
AAAA Darnisha Jones Oñate 25.77,,,
AAA Ashley Ferguson Hot Springs 26.53,,,
AA Kristin Smothermon Ft. Sumner Christian 27.53,,,
A Sandy Fortner Ft. Sumner 26.57,,,
,,,
400 M Dash,,,
Class Name School Time,,,
AAAAA Carissa McGee Mayfield 56.65,,,
AAAA Lyndsay Harper Albuq. Academy 58.03,,,
AAA Stephanie Louis St. Michael’s 1:00.2,,,
AA Amber Parmer Texico 1:01.81,,,
A Sandy Fortner Ft. Sumner 58.25,,,
,,,
800 M Run,,,
Class Name School Time,,,
AAAAA Kelly McCabe Highland 2:20.12,,,
AAAA Lyndsay Harper Albuq. Academy 2:17.54,,,
AAA Irena Ossola St. Michael’s 2:28.40,,,
AA Traci Lopez Santa Fe Prep 2:26.35,,,
A Whitley Coca Cimarron 2:24.68,,,
,,,
1600 M Run,,,
Class Name School Time,,,
AAAAA Kelly McCabe Highland 5:16.80,,,
AAAA Aeriel Emig Albuquerque Academy 5:11.12,,,
AAA Irena Ossola St. Michael’s 5:30.72,,,
AA Ashley Quintana Pecos 5:32.31,,,
A Kelly Barmann Cimarron 5:25.80,,,
3200 M Run,,,
Class Name,School,Time,
AAAAA Vanessa Ortiz,Cibola,11:27.3,
AAAA Aeriel Emig,Albuquerque Academy,11:32.2,
AAA Irena Ossola,St. Michael’s,11:56.1,
AA Ashley Quintana,Pecos,11:40.7,
A Kelly  n,Cimarron,11:25.7,
,,,
100 M Hurdles (33”),,,
Class Name,School,Time,
AAAAA Danielle Delone,Alamogordo,15.75,
AAAA Rosalyn Leitch,Los Alamos,15.56,
AAA Dalea Martinez,Bloomfield,16.78,
AA Alyssa Flores,Santa Rosa,16.92,
A Sandy Fortner,Ft. Sumner,16.47,
,,,
300 M Hurdles,,,
Class Name7,School,Time,
AAAAA Kim Perkins,Clovis,45.81,
AAAA Lindsey Shepard,Albuquerque Academy,46.08,
AAA Corey Butler,St. Michael’s,48.16,
AA Alyssa Flores,Santa Rosa,48.35,
A Stacey McCoy,Mountainair,48.16,
,,,
400 M Relay,,,
Class School,,Time,
AAAAA Highland High School,,49.24,
AAAA Oñate High School,,49.73,
AAA Grants High School,,51.67,
AA Hope Christian School,,51.6,
A Jal High School,,52.13,
,,,
800 M Relay,,,
Class School,,Time,
AAAAA Mayfield High School,,01:44.1,
AAAA Oñate High School,,01:46.8,
AAA St. Michael’s High School,,01:47.9,
AA Hope Christian School,,01:51.4,
A Cimarron High School,,01:50.8,
,,,
1600 M Relay,,,
Class School,,Time,
AAAAA Rio Rancho High School,,04:03.3,
AAAA St. Pius X High School,,04:04.7,
AAA Ruidoso High School,,04:17.4,
AA Santa Fe Prep,,04:19.9,
A Cimarron High School,,04:27.8,
1600 M Medley Relay,,,
Class School,,Time,
AAAAA Clovis High School,,04:19.5,
AAAA Albuquerque Academy,,04:15.6,
AAA Shiprock High School,,04:30.8,
AA Cloudcroft High School,,04:31.4,
A Cimarron High School,,04:27.8,
,,,
Shot Put,,,
Class Name,School,Distance,
AAAAA Briana Paxton,La Cueva,41’-05.00”,
AAAA Maggie Crank,Albuq. Academy,38’-00.00”,
AAA Diedra Brown,Bloomfield,39’-02.50”,
AA Jennifer Chavez,Pecos,33’-02.75”,
A Sloane Dunnahoo,Hagerman,36’-10.75”,
,,,
Discus,,,
Class Name,School,Distance,
AAAAA Brianna Paxton,La Cueva,124’-04”,
AAAA Tami Williams,Artesia,119’-00”,
AAA Diedra Brown,Bloomfield,129’-09”,
AA Vyanca Vega,Cloudcroft,113’-07”,
A Sloane Dunnahoo,Hagerman,111’-05”,
,,,
Long Jump,,,
Class Name,School,Distance,
AAAAA Olivia Ndyabayge,Sandia,17’-07.75”,
AAAA Victoria Martin,Piedra Vista,17’-09.50”,
AAA Alissa Horacek,Grants,16’-04.50”,
AA Kristin Smothermon,Hope,16’-05.25”,
A Sandy Fortner,Ft. Sumner,18’-03.50”,
,,,
High Jump,,,
Class Name,School,Distance,
AAAAA Carissa McGee,Mayfield,5’-06.00”,
AAAA Kristen Hemphill,Los Alamos,5’-02.00”,
AAA Julie Franken,Robertson,5’-00.00”,
AA Emily Rogers,Bosque,5’-02.00”,
A Claudia Navarrette,Jal,4’-10.00”,
,,,
Triple Jump,,,
Class Name,School,Distance,
AAAAA Deanna Young,Highland,37’-02.25”,
AAAA Victoria Martin,Piedra Vista,36’-06.50”,
AAA Candice Gonzales,West Las Vegas,34’-03.75”,
AA Ashley Lementino,Zuni,32’-02.75”,
A Kelly Fortner,Ft. Sumner,34’-05.50”,
Pole Vault,,,
Class,Name,School,Distance
AAAAA,Alex Berlin,Eldorado,10’-00.00”
AAAA,Amy Leupold,Farmington,10’-00.00”
AAA,Yesenia Archuleta,Grants,9’-06.00”
AA,Brittany Caughron,Capitan,8’-00.00”
A,Chelsea Deck,Jal,10’-00.00”
,,,
Javelin,,,
Class,Name,School,Distance
AAAAA,Ashley Burns,Carlsbad,130’-05”
AAAA,Ashlynn Prater,Piedra Vista,138’-04”
AAA,Katie Coronado,Ruidoso,127’-04”
AA,Natasha Gray,Hope,108’-00”
A,Jessica Adams,Cimarron,122’-06”
2004 Girls Track & Field State Champions,,,
,,,
100 M Dash,,,
Class Name School  Time,,,
AAAAA Tressi Richardson  Cibola  12.36,,,
AAAA  Paula Osborn St.Pius  12.70,,,
AAA Amanda Gay Bloomfield  12.91,,,
AA Janelle Hartog  Rehoboth  13.05,,,
A Ariel Burr  Carrizozo  12.26,,,
,,,
200 M Dash,,,
Class Name School  Time,,,
AAAAA Tressi Richardson  Cibola  26.19,,,
AAAA  Katie Schlotterback Farmington 26.78,,,
AAA Ashley Ferguson  Hot Springs  26.64,,,
AA Kristen SmothermanHope Christian  27.15,,,
A Ariel BurrCarrizozo 25.87,,,
,,,
400 M Dash,,,
Class Name School  Time,,,
AAAAA Christina Zarrella  Rio Rancho  58.12,,,
AAAA  Grace Rich St. Pius 58.99,,,
AAA Alissa Horacek  Grants  1:00.86,,,
AA Makenzi Williams  Hope  1:02.21,,,
A Ariel Burr  Carrizozo  58.58,,,
,,,
800 M Dash,,,
Class Name School  Time,,,
AAAAA Anna Petrov  Eldorado  2:19.42,,,
AAAA  Kristen Hemphill Los Alamos 2:18.04,,,
AAA Irena Ossola  St. Michaels  2:26.75,,,
AA Traci Lopez  Santa Fe Prep2:24.73,,,
A Noel Carpenter  Floyd2:32.85,,,
,,,
1600 M Run,,,
Class Name School  Time,,,
AAAAA Kelly McCabe  Highland  5:16.21,,,
AAAA  Aeriel Emig Albuquerque Academy 5:07.40,,,
AAA Irena Ossola  St. Michaels  5:34.12,,,
AA Monique Garcia  Laguna Acoma  5:25.91,,,
A Natasha SenaRoy  5:44.10,,,
3200 M Run,,,
Class Name,School,Time,
AAAAA Lindsay Barr,La Cueva,11:43.3,
AAAA  Kristen Hemphill,Los Alamos,11:27.1,
AAA Irena Ossola,St. Michaels,12:02.5,
AA Melorie Boone,Zuni,12:09.4,
A Kelli Johnson,Floyd,12:49.0,
,,,
100 M Hurdles (33”),,,
Class Name,School,Time,
AAAAA Danielle Delone,Alamogordo,15.74,
AAAA  Micaiah Redden,Moriarty,14.61,
AAA Robyn  North,Cobre,16.41,
AA Ashton Coburn,Estancia,16.72,
A Haily Lee,House,15.95,
,,,
300 M Hurdles,,,
Class Name,School,Time,
AAAAA Nizhoni Fairey,Gallup,45.83,
AAAA  Sarah Lacey,Farmington,44.89,
AAA Andrea Jarnagin,Lovington,48.73,
AA Ashton Coburn,Estancia,48.94,
A Sandy Fortner,Ft. Sumner,44.84,
,,,
400 M Relay,,,
Class,School,Time,
AAAAA,Clovis,49.61,
AAAA,Farmington,50.11,
AAA,St. Michaels,51.88,
AA,Hope Christian,50.87,
A,Floyd,53.03,
,,,
800 M Relay,,,
Class,School,Time,
AAAAA,La Cueva,01:44.7,
AAAA,Farmington,01:45.9,
AAA,Grants,01:49.2,
AA,Sandia Prep,01:49.8,
A,Floyd,01:56.6,
1600 M Relay Medley,,,
Class,School,Time,
AAAAA,Highland,04:17.1,
AAAA,Albuquerque Academy,04:14.5,
AAA,Grants,04:27.0,
AA,Cimarron,04:29.3,
A,Roy,04:32.9,
,,,
1600 M Relay,,,
Class,School,Time,
AAAAA,Gallup,04:05.8,
AAAA,Piedra Vista,04:05.2,
AAA,Robertson,04:16.6,
AA,Cimarron,04:15.0,
A,Mountainair,04:21.0,
,,,
Discus,,,
Class Name,School,Distance,
AAAAA Michelle Nelson,Valley,141’-11”,
AAAA  Stephanie Sanchez,Belen,109’-08”,
AAA Katie Coronado,Ruidoso,125’-07”,
AA Jessica Becker,Capitan,128’-05”,
A Laurel Herrera,Ft. Sumner,109’-10”,
,,,
,,,
Long Jump,,,
Class Name,School,Distance,
AAAAA Christina Zarrella,Rio Rancho,17’-09.25”,
AAAA  Morgan Dodd,Moriarty,17’-04.00”,
AAA Stephanie Louis,St. Michaels,15’-11.50”,
AA Kristin Smotherman,Hope Christian,15’-07.75”,
A Sandy Fortner,Ft. Sumner,17’-09.50”,
,,,
,,,
High Jump,,,
Class Name,School,Distance,
AAAAA Kim Frenz,Rio Rancho,5’-02.00”,
AAAA  Micaiah Redden,Moriarty,5’-04.00”,
AAA Vera Jo Bustos,West Las Vegas,5’-03.00”,
AA Jessica Denney,Tularosa,5’-04.00”,
A Sandy Fortner,Ft. Sumner,5’-00.00”,
Triple Jump,,,
Class Name,School,Distance,
AAAAA Demetri Young,Hobbs,36’-11.50”,
AAAA  Victoria Martin,Piedra Vista,36’-07.75”,
AAA Alissa Horacek,Grants,34’-11.00”,
AA Angelina Casias,Cimarron,32’-05.00”,
A Ariel Burr,Carrizozo,37’-10.50”,
,,,
Pole Vault,,,
Class Name,School,Distance,
AAAAA Alex Berlin,Eldorado,10’-06.00”,
AAAA  Carmen-Noel Hill,Los Alamos,11’-06.00”,
AAA Yesenia Archuleta,Grants,9’-06.00”,
AA Chelsea Deck,Jal,9’-00.00”,
A Kelly Armstrong,Magdalena,9’-00.00”,
,,,
Shot Put,,,
Class Name,School,Distance,
AAAAA Michelle Nelson,Valley,43’-04.25”,
AAAA  Maggie Crank,Albuquerque Academy,37’-11.25”,
AAA Diedra Brown,Bloomfield,37’-11.25”,
AA Jessica Becker,Capitan,39’-07.50”,
A Roxanne Ganadonegro,Alamogordo Navajo,34’-11.50”,
,,,
Javelin,,,
Class Name,School,Distance,
AAAAA Courtney Wright,Santa Fe,126’-09”,
AAAA  Randi Grimes,Farmington,131’-03”,
AAA Katie Coronado,Ruidoso,135’-04”,
AA Jessica Adams,Cimarron,130’-11”,
A Samantha Hoggan,Desert Academy,117’-08”,
2003 Girls Track & Field State Champions,,,
,,,
,,,
100 M Dash,,,
Class Name School  Time,,,
AAAAA Chevonne Miller Manzano 12.49,,,
AAAA  Katie Schlotterback Farmington 12.94,,,
AAA Amanda Gay Bloomfield 13.12,,,
AA Sandy Fortner  Tucumcari 12.47,,,
A Ariel Burr Carrizozo 12.44,,,
,,,
200 M Dash,,,
Class Name School  Time,,,
AAAAA Chevonne Miller Manzano 25.46,,,
AAAA  Krista Meier Los Alamos 26.16,,,
AAA Amanda Gay Bloomfield 27.09,,,
AA Jennifer Gonzalez Tucumcari 26.68,,,
A Ariel Burr  Carrizozo 26.39,,,
,,,
400 M Dash,,,
Class Name School  Time,,,
AAAAA Monique Walker Clovis58.69,,,
AAAA  Krista Meier Los Alamos 59.40,,,
AAA Renee Gallegos Socorro 61.68,,,
AA Jennifer Gonzalez Tucumcari 62.20,,,
A Ariel Burr Carrizozo 59.37,,,
,,,
800 M Dash,,,
Class Name School  Time,,,
AAAAA Riann Lucy Cibola  2:17.36,,,
AAAA  Kristen Hemphill Los Alamos 2:17.91,,,
AAA Erin Lewis  Grants  2:24.81,,,
AA Lauren MilneSandia Prep 2:27.75,,,
A Shelley Langerstrom Bosque 2:26.94,,,
,,,
1600 M Run,,,
Class Name School  Time,,,
AAAAA Jocelyn Calderon Carlsbad 5:23.72,,,
AAAA  Kristen Hemphill Los Alamos 5:11.92,,,
AAA Erin Lewis  Grants  5:27.58,,,
AA Jessie Hale  Rehoboth  5:27.98,,,
A Natasha Sena Roy 5:41.82,,,
3200 M Run,,,
Class Name,School,Time,
AAAAA Melanie Velarde,Eldorado,11:44.8,
AAAA  Kristen Hemphill,Los Alamos,11:36.7,
AAA Irene Ossola,St. Mike’s,12:06.1,
AA Jessie Hale,Rehoboth,12:13.5,
A Shawna Woody,Ramah,13:02.0,
,,,
100 M Hurdles (33”),,,
Class Name,School,Time,
AAAAA Jenna Glidden,Cibola,15.15,
AAAA  Sarah Lacy,Farmington,15.36,
AAA Samantha Serrano,Bloomfield,16.85,
AA Eileen Onsurez,Loving,16.48,
A Hailey Lee,House,16.64,
,,,
300 M Hurdles,,,
Class Name,School,Time,
AAAAA Jenna Glidden,Cibola,43.99,
AAAA  Sarah Lacy,Farmington,46.78,
AAA Kimberly Choate,Lovington,49.27,
AA Eileen Onsurez,Loving,47.24,
A Hailey Lee,House,47.7,
,,,
400 M Relay,,,
Class,School,Time,
AAAAA,Clovis,48.3,
AAAA,Farmington,49.59,
AAA,Grants,52.24,
AA,Tucumcari,50.97,
A,Mountainair,53.86,
,,,
800 M Relay,,,
Class,School,Time,
AAAAA,Cibola,01:46.5,
AAAA,Farmington,01:46.3,
AAA,Grants,01:49.6,
AA,Tucumcari,01:48.4,
A,Cliff,01:54.9,
1600 M Relay Medley,,,
Class,School,Time,
AAAAA,Carlsbad,04:18.0,
AAAA,Los Alamos,04:15.7,
AAA,Pojoaque,04:32.3,
AA,Sandia Prep,04:30.2,
A,Fort Sumner,04:34.0,
,,,
1600 M Relay,,,
Class,School,Time,
AAAAA,Cibola,04:00.1,
AAAA,Taos,04:08.0,
AAA,Socorro,04:12.7,
AA,Tucumcari,04:10.4,
A,Carrizozo,04:18.5,
,,,
Shot Put,,,
Class Name,School,Distance,
AAAAA Michelle Nelson,Valley,37’-09.50”,
AAAA  Mindy Parsons,Farmington,40’-05.00”,
AAA Kayla Brown,Bloomfield,38’-07.50”,
AA Jessica Becker,Capitan,37’-08.50”,
A Stephanie Bretz,Tatum,34’-06.00”,
,,,
Discus,,,
Class Name,School,Distance,
AAAAA Shellie Buckhanan,Rio Rancho,129’-02.02”,
AAAA  Jessica Ford,Aztec,136’-11.00”,
AAA Rachel Loya,Ruidoso,120’-06.00”,
AA Jessica Becker,Capitan,121’-11.00”,
A Amanda Gutierrez,Springer,103’-06.00”,
,,,
,,,
Long Jump,,,
Class Name,School,Distance,
AAAAA Olivia Ndyabagye,Sandia,17’-07.50”,
AAAA  Victoria Martin,Piedra Vista,17’-05.00”,
AAA Alissa Horacek,Grants,16’-09.75”,
AA Amber Palmer,Texico,16’-10.50”,
A Hailey Lee,House,16’-09.00”,
High Jump,,,
Class Name,,School,Distance
AAAAA Tori Grafeman,,La Cueva,5’-04.00”
AAAA  Micaiah Redden,,Moriarty,5’-02.00”
AAA Anne Gallegos,,Robertson,5’-01.00”
AA Sandy Fortner,,Tucumcari,5’-06.25”
A April Pullen,,San Jon,5’-00.00”
,,,
Triple Jump,,,
Class Name,,School,Distance
AAAAA Jade Mallory,,La Cueva,36’-10.50”
AAAA  Tiffany Ung,,Academy,36’-02.25”
AAA Helga Bhasher,,Socorro,33’-06.00”
AA Kelly Fortner,,Tucumcari,33’-04.00”
A Ariel Burr,,Carrizozo,35’-04.50”
,,,
Pole Vault,,,
Class Name,,School,Distance
AAAAA Melissa Muchmore,,Sandia,10’-06.00”
AAAA  Kelly Trinkle,,Silver City,10’-06.00”
AAA Maegan Montoya,,Grants,10’-00.00”
AA Casey Carlisle,,Cimarron,9’-06.00”
A Kelly Armstrong,,Magdalena,9’-00.00”
,,,
Javelin,,,
Class Name,,School,Distance
AAAAA Crystal Richardson,,Gallup,121’-07.00”
AAAA  Jessica Thompson,,Silver City,129’-01.00”
AAA Kayla Brown,,Bloomfield,136’-04.00”
AA Jessica Adams,,Cimarron,126’-06.00”
A Michelle Fowler,,Quemado,115’-07.00”
2002 Girls Track & Field State Champions,,,
,,,
,,,
100 M Dash,,,
Class Name School  Time,,,
AAAAA Donita Harmon Eldorado 11.97,,,
AAAA  K.C. Pritchard  Moriarty 12.36,,,
AAA Josephine Jaramillo Grants  13.08,,,
AA Sandy Fortner  Tucumcari 12.80,,,
A Ariel Burr Carrizozo 12.42,,,
,,,
200 M Dash,,,
Class Name School  Time,,,
AAAAA Donita Harmon  Eldorado 25.82,,,
AAAA  Katie Schlotterback Farmington 26.75,,,
AAA Josephine Jaramillo Grants  28.08,,,
AA Jennifer Gonzalez Tucumcari 27.28,,,
A Ariel Burr Carrizozo 26.32,,,
,,,
400 M Dash,,,
Class Name School  Time,,,
AAAAA Katie Candelaria La Cueva  58.20,,,
AAAA  Debbie Gilbert Academy  59.52,,,
AAA Josephine Jaramillo Grants  59.84,,,
AA Jennifer Gonzalez Tucumcari 60.45,,,
A Ariel Burr Carrizozo 58.96,,,
,,,
800 M Dash,,,
Class Name School  Time,,,
AAAAA Anne Heiner  Las Cruces 2:16.15,,,
AAAA  Claire Walker  Los Alamos 2:17.92,,,
AAA Angelica Marchi St. Mike’s  2:26.46,,,
AA Tauna Higgins Loving  2:21.20,,,
A Tracy Gray  Reserve  2:25.00,,,
,,,
1600 M Run,,,
Class Name School  Time,,,
AAAAA Rhiann Lucy  Cibola  5:22.51,,,
AAAA  Rachel Urbina  Academy  5:18.51,,,
AAA Angelica Marchi St. Mike’s  5:25.37,,,
AA Janice Tosa  Jemez 5:19.97,,,
A Jessica hale  Rehoboth  5:28.77,,,
3200 M Run,,,
Class Name,School,Time,
AAAAA Felicia Guliford,Gallup,11:36.1,
AAAA  Alicia Torres,Taos,11:19.5,
AAA Erin Lewis,Grants,11:53.2,
AA Janice Tosa,Jemez,11:53.3,
A Jessica Hale,Rehoboth,12:01.7,
,,,
100 M Hurdles (33”),,,
Class Name,School,Time,
AAAAA Aundrea Wells,Alamogordo,14.92,
AAAA  Laci Candelaria,Bloomfield,15.65,
AAA Tiffany Grigg,Socorro,15.81,
AA Kimberley Trujillo,Clayton,16.55,
A Ariel Vallejos,Carrizozo,16.46,
,,,
300 M Hurdles,,,
Class Name,School,Time,
AAAAA Nicole Hanson,Eldorado,44.84,
AAAA  Michaela Esquivel,Academy,44.71,
AAA Tiffany Grigg,Socorro,47.53,
AA Eileen Onsurez,Loving,48.21,
A Ariel Vallejos,Carrizozo,46.84,
,,,
400 M Relay,,,
Class,School,Time,
AAAAA,Clovis,48.3,
AAAA,Moriarty,50.23,
AAA,Grants,52.03,
AA,Tucumcari,51.03,
A,Rehoboth,52.14,
,,,
800 M Relay,,,
Class,School,Time,
AAAAA,Clovis,01:43.9,
AAAA,Academy,01:45.0,
AAA,Grants,01:52.0,
AA,Tucumcari,01:48.1,
A,Rehoboth,01:50.1,
2001 Girls Track & Field State Champions,,,
,,,
,,,
100 M Dash,,,
Class Name School  Time,,,
AAAAA Donita Harmon  Eldorado 12:23,,,
AAAA  Katie Schlottback Farmington  12:61,,,
AAA Amber Rodie Lovington  13.29,,,
AA Ruth Domrzalski Menaul 12.52,,,
A Ariel Burr  Carrizozo 12.45,,,
,,,
200 M Dash,,,
Class Name School  Time,,,
AAAAA Donita Harmon Eldorado 24.70,,,
AAAA  Katie Schlottback  Farmington  26.25,,,
AAA Josephine Jaramillo  Grants  26.87,,,
AA Jennifer Gonzalez Tucumcari 26.52,,,
A Ariel Burr Carrizozo 25.64,,,
,,,
400 M Dash,,,
Class Name School  Time,,,
AAAAA Donita Harmon  Eldorado 55:71,,,
AAAA  Megan Bryant  Silver City  58.21,,,
AAA Victoria Martinez Robertson 58.43,,,
AA Kristi Britain Fort Sumner  60.26,,,
A Ariel Burr Carrizozo 57.47,,,
,,,
800 M Dash,,,
Class Name School  Time,,,
AAAAA Felicia Guliford Gallup  2:15.24,,,
AAAA  Rachel Urbina  Albuquerque Academy  2:17.62,,,
AAA Jacquelyne Gallegos Pojoaque  2:19.30,,,
AA Tauna Higgins  Loving  2:19.96,,,
A Lindy Pate Logan2:31.94,,,
,,,
1600 M Run,,,
Class Name School  Time,,,
AAAAA Felicia Guliford Gallup  5:01.23,,,
AAAA  Rachel Urbina  Albuquerque Academy 5:15.90,,,
AAA Jacquelyne Gallegos  Pojoaque  5:12.04,,,
AA Tauna Higgins  Loving  5:27.59,,,
A Natasha SenaRoy 5:38.17,,,
3200 M Run,,,
Class Name,School,Time,
AAAAA Felicia Guliford,Gallup,10:46.7,
AAAA  Alicia Torres,Taos,11:34.0,
AAA Jacquelyne Gallegos,Pojoaque,11:17.4,
AA Janice Tosa,Jemez,11:55.9,
A Jessica Hale,Rehoboth,12:13.5,
,,,
100 M Hurdles (33”),,,
Class Name,School,Time,
AAAAA Aundrea Wells,Alamogordo,15.78,
AAAA  Rachel Finch,Bloomfield,15.16,
AAA Tiffany Grigg,Socorro,16.31,
AA Melissa Smith,Lordsburg,16.74,
A Farrah Upton,Animas,16.33,
,,,
300 M Hurdles,,,
Class Name,School,Time,
AAAAA Jenna Brooks,Manzano,45.46,
AAAA  Michaela Esquivel,Albuquerque Academy,45.46,
AAA Kami Sparks,Ruidoso,48.19,
AA Jessica Atlano,Lordsburg,49.2,
A Madalyn Burr,Carrizozo,47.82,
,,,
400 M Relay,,,
Class,School,Time,
AAAAA,Clovis,49.14,
AAAA,Oñate,50.25,
AAA,Lovington,50.87,
AA,Lordsburg,52.7,
A,Logan,51.16,
,,,
800 M Relay,,,
Class,School,Time,
AAAAA,Eldorado,01:43.4,
AAAA,Silver City,01:46.7,
AAA,Lovington,01:48.7,
AA,Sandia Prep,01:50.3,
A,Animas,01:50.7,
1600 M Relay Medley,,,
Class,School,Time,
AAAAA,Las Cruces,04:18.5,
AAAA,Albuquerque Academy,04:17.7,
AAA,Robertson,04:31.6,
AA,Santa Rosa,04:36.1,
A,Logan,04:37.7,
,,,
1600 M Relay,,,
Class,School,Time,
AAAAA,Rio Rancho,04:03.2,
AAAA,Moriarty,04:05.5,
AAA,Socorro,04:13.3,
AA,Fort Sumner,04:16.9,
A,Carrizozo,04:18.3,
,,,
Shot Put,,,
Class Name,School,Distance,
AAAAA Amanda Barnes,Carlsbad,43’-02.50”,
AAAA  Susanna Ricco,Albuquerque Academy,39’-11.50”,
AAA Julia North,Cobre,36’-04.00”,
AA Nicole Segovia,Jal,37’-06.00”,
A Denise Grayson,Magdalena,37’-05.00”,
,,,
Discus,,,
Class Name,School,Distance,
AAAAA Samantha Porphy,Manzano,125’-10.00”,
AAAA  Andrea King,Farmington,115’-06.00”,
AAA Charlotte Sanchez,Robertson,115’-08.00”,
AA Nicole Segovia,Jal,135’-01.00”,
A Kimber Dunn,Cliff,113’-07.00”,
,,,
,,,
Long Jump,,,
Class Name,School,Distance,
AAAAA Fanoy Walters,Manzano,18’-01.50”,
AAAA  Bobbie Misquez,Silver City,16’-07.50”,
AAA Antonia Dominguez,Grants,17’-00.00”,
AA Joanna Munoz,Dexter,15’-03.00”,
A Sandy Fortner,Fort Sumner,16’-08.50”,
High Jump,,,
Class Name,,School,Distance
AAAAA Anette McKinney,,Alamogordo,5’-02.00”
AAAA  Micaiah Redden,,Moriarty,5’-02.00”
AAA Kelli Myers,,Lovington,5’-06.00”
AA Elizabeh Richards,,Texico,5’-06.00”
A Kelly Fortner,,Logan,5’-00.00”
,,,
Triple Jump,,,
Class Name,,School,Distance
AAAAA Brittany Grovey,,Hobbs,36’-08.50”
AAAA  Katie Pettigrew,,Farmington,38’-02.25”
AAA Victoria Martinez,,Robertson,36’-01.25”
AA Kim Villescas,,Sandia Prep,32’-05.75”
A Ariel Burr,,Carrizozo,34’-02.25”
,,,
Pole Vault,,,
Class Name,,School,Distance
AAAAA Nicole Huyge,,Las Cruces,10’-00.00”
AAAA  Jennifer Brown,,Silver City,10’-06.00”
AAA Lindsay Mancha,,Cobre,9’-06.00”
AA Eileen Onsurez,,Loving,8’-00.00”
A Amy Pilley,,Hagerman,8’-01.00”
,,,
Javelin,,,
Class Name,,School,Distance
AAAAA Veronica Gonzales,,Carlsbad,124’-09.00”
AAAA  Jessica McIntyre,,Farmington,143’-01.00”
AAA Samantha Bridgeport,,Lovington,119’-01.00”
AA Mandi Nordquist,,Tularosa,119’-04.00”
A Samantha Hoggan,,Desert Academy,112’-04.00”
2000 Girls Track & Field State Champions,,,
,,,
,,,
100 M Dash,,,
Class Name School  Time,,,
AAAA  Amy Warner La Cueva  12.20,,,
AAA Latoya Jackson Lovington  12.88,,,
AA Kristi Brittain  Fort Sumner 12.87,,,
A Ariel Burr Carrizozo 12.85,,,
,,,
200 M Dash,,,
Class Name School  Time,,,
AAAA  Donita Harmon Eldorado 25.00,,,
AAA Brittany Allcorn  Moriarty 26.70,,,
AA Kristi Brittain  Fort Sumner  27.12,,,
A Sarah Brooks Floyd 26.33,,,
,,,
400 M Dash,,,
Class Name School  Time,,,
AAAA  Donita Harmon Eldorado 55.31,,,
AAA Megan Bryant  Silver City  59.06,,,
AA Elizabeth Orchard Sandia Prep 59.84,,,
A Ariel Burr Carrizozo 59.52,,,
,,,
800 M Dash,,,
Class Name School  Time,,,
AAAA  Felicia Guliford Gallup  2:14.08,,,
AAA Jacquelyne Gallegos  Pojoaque  2:18.37,,,
AA Linda Yearly Santa Rosa  2:26.83,,,
A Lindy Pate  Logan2:30.41,,,
,,,
1600 M Run,,,
Class Name School  Time,,,
AAAA  Felicia Guliford Gallup  5:06.70,,,
AAA Magdalena Sandoval Los Alamos  5:17.61,,,
AA Linda Yearly Santa Rosa  5:29.26,,,
A Tauna Higgins Loving  5:41.57,,,
,,,
3200 M Run,,,
Class Name School  Time,,,
AAAA  Felicia Guliford Gallup  11:01.03,,,
AAA Magdalena Sandoval Los Alamos 11:18.49,,,
AA Linda Yearly Santa Rosa  12:16.49,,,
A Renee Kylestewa Rehoboth 12:49.45,,,
,,,
100 M Hurdles (33”),,,
Class Name,School,Time,
AAAA  Daphaney Williams,Valley,14.5,
AAA Laci Candelaria,Bloomfield,15.26,
AA Heidi Gollogly,Santa Fe Prep,16.7,
A Sara Garcia,Hagerman,16.29,
,,,
300 M Hurdles,,,
Class Name,School,Time,
AAAA  Jenna Brooks,Manzano,45.62,
AAA Nicole Hansen,Moriarty,44.24,
AA Jennifer Hardesty,Tularosa,48.73,
A Eileen Onsurez,Loving,48.03,
,,,
400 M Relay,,,
Class,School,Time,
AAAA,La Cueva,48.59,
AAA,Lovington,50.47,
AA,Sandia Prep,51.71,
A,Loving,52.52,
,,,
800 M Relay,,,
Class,School,Time,
AAAA,Manzano,?,
AAA,Moriarty,01:45.2,
AA,Sandia Prep,01:50.2,
A,Cliff,01:52.8,
,,,
1600 M Relay Medley,,,
Class,School,Time,
AAAA,Rio Rancho,04:18.3,
AAA,Silver City,04:23.7,
AA,Fort Sumner,04:28.0,
A,Logan,04:38.4,
,,,
1600 M Relay,,,
Class,School,Time,
AAAA,La Cueva,03:58.5,
AAA,Moriarty,04:06.1,
AA,Fort Sumner,04:16.1,
A,Cliff,04:16.3,
Shot Put,,,
Class Name,,School,Distance
AAAA  Amanda Barnes,,Carlsbad,44’-05.50”
AAA Crystal Ray,,Kirtland Central,37’-00.25”
AA Theresa Roybal,,Fort Sumner,41’-02.00”
A Verity Rush,,Melrose,37’-02.00”
,,,
Discus,,,
Class Name,,School,Distance
AAAA  Samantha Porphy,,Manzano,136’-04.00”
AAA Andrea Brigman,,Academy,128’-04.00”
AA Theresa Roybal,,Fort Sumner,121’-05.00”
A Theresa Roybal,,Fort Sumner,121’-05.00”
,,,
,,,
Long Jump,,,
Class Name,,School,Distance
AAAA  Fanoy Walters,,Manzano,18’-06.25
AAA Sarah Ort,,Lovington,16’-11.25”
AA Joanna Munoz,,Dexter,16’-05.00”
A Amy Hartley,,Roy,16’-02.25”
,,,
High Jump,,,
Class Name,,School,Distance
AAAA  Erin Johnson,,Sandia,05’-04.00”
AAA Kelli Myers,,Lovington,05’-07.00”
AA Elizabeth Richards,,Texico,05’-02.00”
A Jenny Garcia,,Roy,05’-02.00”
,,,
Triple Jump,,,
Class Name,,School,Distance
AAAA  Katie Pettigrew,,Farmington,38’-01.50”
AAA Christina Gonzalez,,Los Alamos,36’-02.50”
AA Royceleen Holmes,,Zuni,33’-06.25”
A Sarah Brooks,,Floyd,34’-02.75”
,,,
Pole Vault,,,
Class Name,,School,Distance
AAAA  Jessica Englehart,,Farmington,9’-6.00”
AAA Jennifer Brown,,Silver City,10’-00.00”
AA Cheyanne Renfro,,Cimarron,8’-00.00”
A Sara Garcia,,Hagerman,8’-00.00”
Javelin,,,
Class,Name,School,Distance
AAAA,Jessica McIntyre,Farmington,128’-05.50”
AAA,Kayla Brown,Bloomfield,118’-08.00”
AA,Marsha Salazar,Santa Rosa,119’-10.00”
A,Rebecca Navarrette,Loving,113’-10.00”
1999 Girls Track & Field State Champions,,,
,,,
,,,
100 M Dash,,,
Class Name School  Time,,,
AAAA  Aundrea Dawson Clovis  12.32,,,
AAA Lisa Matthews Artesia  12.38,,,
AA Sarah McClure Cimarron 13.37,,,
A Deborah Bome Floyd 12.35,,,
,,,
200 M Dash,,,
Class Name School  Time,,,
AAAA  Donita Harmon  Eldorado 25.41,,,
AAA Lisa Matthews Artesia  26.37,,,
AA Sarah McClure Cimarron 26.28,,,
A Deborah Bome Floyd 25.26,,,
,,,
400 M Dash,,,
Class Name School  Time,,,
AAAA  Rachel Woodrum Rio Rancho 58.70,,,
AAA Michelle Matthews Moriarty 60.18,,,
AA Sarah McClure Cimarron 59.59,,,
A Rebecca Navarrette  Loving  61.00,,,
,,,
800 M Dash,,,
Class Name School  Time,,,
AAAA  Laci Jackson Hobbs  2:13.39,,,
AAA Rachel Urbina  Albuquerque Academy 2:19.25,,,
AA Guila Irwin Newcomb 2:23.88,,,
A Tauna Higgins Loving  2:30.49,,,
,,,
1600 M Run,,,
Class Name School  Time,,,
AAAA  Felicia Guliford Gallup  5.00.97,,,
AAA Magdalena SandovalLos Alamos 5:13.37,,,
AA Linda Yearly Santa Rosa  5:32.71,,,
A Linda Pate Logan  5:35.34,,,
,,,
3200 M Run,,,
Class Name School  Time,,,
AAAA  Felicia Guliford Gallup  11:20.48,,,
AAA Magdalena Sandoval Los Alamos 11:54.33,,,
AA Linda Yearly Santa Rosa  12:12.68,,,
A Tauna Higgins Loving  13.44.16,,,
100 M Hurdles (33”),,,
Class Name,School,Time,
AAAA  Daniella Aretino,Gallup,15.49,
AAA Tamela Herrera,Bloomfield,15:46,
AA Michelle Milne,Sandia Prep,16.97,
A Deborah Bome,Floyd,16.1,
,,,
300 M Hurdles,,,
Class Name,School,Time,
AAAA  Daniella Aretino,Gallup,45.12,
AAA Kendal Hathaway,Kirtland Central,45.62,
AA Jennifer Hardesty,Tularosa,47.89,
A Deborah Bome,Floyd,46.92,
,,,
400 M Relay,,,
Class,School,Time,
AAAA,Clovis,48,
AAA,Lovington,49.79,
AA,Sandia Prep,51.59,
A,Dora,52.38,
,,,
800 M Relay,,,
Class,School,Time,
AAAA,La Cueva,01:43.1,
AAA,Moriarty,01:44.8,
AA,Tularosa,01:51.7,
A,Cliff,01:51.5,
,,,
1600 M Relay Medley,,,
Class,School,Time,
AAAA,Gallup,04:11.7,
AAA,Albuquerque Academy,04:19.8,
AA,Dexter,04:28.9,
A,Rehoboth,04:41.1,
,,,
1600 M Relay,,,
Class,School,Time,
AAAA,Rio Rancho,04:04.3,
AAA,Moriarty,04:05.3,
AA,Fort Sumner,04:13.4,
A,Loving,04:16.6,
Shot Put,,,
Class Name,,School,Distance
AAAA  Jessica Escobedo,,Alamogordo,41’-04.00”
AAA Julie Roberts,,Moriarty,40’-04.50”
AA Nicole Segovia,,Jal,40’-05.50”
A Tiana Mitchell,,Maxwell,38’-04.25”
,,,
Discus,,,
Class Name,,School,Distance
AAAA  Jessica Escobedo,,Alamogordo,128’-01.00”
AAA Krystal Martinez,,Bloomfield,126’-09.00”
AA Nicole Segovia,,Jal,135’-08.00”
A Verity Rush,,Melrose,104’-11.00”
,,,
Long Jump,,,
Class Name,,School,Distance
AAAA  Fanoy Walters,,Manzano,17’-09.00”
AAA Leisha Martinez,,Bloomfield,16’-10.25”
AA Kristen Utweiling,,Sandia Prep,15’-09.50”
A Deborah Bome,,Floyd,18’-00.50”
,,,
High Jump,,,
Class Name,,School,Distance
AAAA  Erin Johnson,,Sandia,5’-08.00”
AAA Kelli Myers,,Lovington,5’-09.00”
AA Kelsey Overton,,Fort Sumner,4’-10.00”
A Jenny Garcia,,Roy,5’-04.00”
,,,
Triple Jump,,,
Class Name,,School,Distance
AAAA  Fanoy Walters,,Manzano,36’-10.00”
AAA Christina Gonzalez,,Los Alamos,35’-00.00”
AA Jennifer Berlier,,Estancia,33’-09.00”
A Tandra Hartley,,Roy,33’-09.25”
1998 Girls Track & Field State Champions,,,
,,,
,,,
100 M Dash,,,
Class Name School  Time,,,
AAAA  Amy Warner La Cueva  12.83,,,
AAA Lisa Matthews Artesia  12.88,,,
AA Sarah McClure Cimarron 13.28,,,
A Deborah Bome Floyd 12.69,,,
,,,
200 M Dash,,,
Class Name School  Time,,,
AAAA  Andrea Lee Oñate 25.91,,,
AAA Lisa Matthews Artesia  26.77,,,
AA Sarah McClure Cimarron 26.68,,,
A Deborah Bome  Floyd 25.90,,,
,,,
400 M Dash,,,
Class Name School  Time,,,
AAAA  Amanda Hooker Farmington 59.35,,,
AAA Felicia Jimenez Portales 59.08,,,
AA Bianca Martinez Loving  61.90,,,
A Kia Matthews  Cliff 61.14,,,
,,,
800 M Dash,,,
Class Name School  Time,,,
AAAA  Erin Belger Sandia  2:17.30,,,
AAA Micaela Esquivel Albuquerque Academy 2:19.86,,,
AA Guila Irwin Newcomb 2:25.46,,,
A Jamie Carruthers Floyd 2:35.52,,,
,,,
1600 M Run,,,
Class Name School  Time,,,
AAAA  Erin Belger Sandia  5:06.40,,,
AAA Jacquelyne Gallegos Pojoaque 5:17.96,,,
AA Almea Matanock Santa Fe Prep  5:33.22,,,
A Melissa Acosta Elida  5:51.82,,,
,,,
3200 M Run,,,
Class Name School  Time,,,
AAAA  Felicia Guliford Gallup  11:27.82,,,
AAA Magdalena Sandoval Los Alamos 11:37.64,,,
AA Roxy Caramil  Dulce 12:31.38,,,
A Sarah Cortese  Fort Sumner 12:59.20,,,
,,,
100 M Hurdles (33”),,,
Class Name,School,Time,
AAAA  Jana Teakell,Clovis,14.99,
AAA Cristal Garcia,Pojoaque,15.71,
AA Lindsey Swift,Animas,16.95,
A Deborah Bome,Floyd,16.39,
,,,
300 M Hurdles,,,
Class Name,School,Time,
AAAA  Jana Teakell,Clovis,45.04,
AAA Courtney Nelson,Silver City,46.44,
AA Anne Miles,Dexter,49.12,
A Deborah Bome,Floyd,46.65,
,,,
400 M Relay,,,
Class,School,Time,
AAAA,Clovis,48.91,
AAA,Silver City,49.77,
AA,Sandia Prep,51.41,
A,Hagerman,52.23,
,,,
800 M Relay,,,
Class,School,Time,
AAAA,Oñate,01:44.8,
AAA,Moriarty,01:45.3,
AA,Sandia Prep,01:49.0,
A,Hagerman,01:49.4,
,,,
1600 M Relay Medley,,,
Class,School,Time,
AAAA,Manzano,04:16.2,
AAA,NMMI,04:24.2,
AA,Texico,04:15.6,
A,Fort Sumner,04:37.1,
,,,
1600 M Relay,,,
Class,School,Time,
AAAA,Oñate,04:04.6,
AAA,Moriarty,04:07.5,
AA,Texico,04:15.6,
A,Fort Sumner,04:16.1,
Shot Put,,,
Class Name,,School,Distance
AAAA  Jessica Escobedo,,Alamogordo,40’-03.50”
AAA Sarah Prince,,Bloomfield,40’-09.25”
AA Cori Gonzalez,,Loving,36’-07.00”
A Theresa Roybal,,Fort Sumner,40’-00.00”
,,,
Discus,,,
Class Name,,School,Distance
AAAA  Danah Hadley,,Alamogordo,120’-11.00”
AAA Sarah Prince,,Bloomfield,136’-02.00”
AA Kim Robinson,,Sandia Prep,119’-08.00”
A Theresa Roybal,,Fort Sumner,117’-09.00”
,,,
,,,
Long Jump,,,
Class Name,,School,Distance
AAAA  Jan Teakell,,Clovis,18’-01.00”
AAA Sonrisa Garcia,,Pojoaque,17’-10.00”
AA Rainy Crisp,,Navajo Prep,16’-05.50”
A Deborah Bome,,Floyd,16’-10.25”
,,,
High Jump,,,
Class Name,,School,Distance
AAAA  Seleste Morrow,,Clovis,5’-04.00”
AAA Heather Saponaro,,Silver City,5’-04.00”
AA Mia Whiting,,Sandia Prep,5’-02.00”
A Jenny Garcia,,Roy,5’-05.00”
,,,
Triple Jump,,,
Class Name,,School,Distance
AAAA  Shantae Bowman,,Roswell,35’-03.50”
AAA Amber Green,,Ruidoso,35’-01.25”
AA Kathanna Berndt,,Peñasco,32’-02.50”
A Tandra Hartley,,Roy,32’-03.25”
1997 Girls Track & Field State Champions,,,
,,,
,,,
100 M Dash,,,
Class Name School  Time,,,
AAAA  Glenda Mackey Hobbs12.66,,,
AAA Tanya Metzger Grants  12.84,,,
AA Monica Christofferson Cimarron 13.00,,,
A Deborah Bome Floyd 12.63,,,
,,,
200 M Dash,,,
Class Name School  Time,,,
AAAA  Tashma Green  Carlsbad 25.83,,,
AAA Tanya Metzger Grants  25.89,,,
AA Monica Christofferson Cimarron 26.79,,,
A Deborah Bome  Floyd 26.38,,,
,,,
400 M Dash,,,
Class Name School  Time,,,
AAAA  Erin Belger Sandia  56.05,,,
AAA Katherine Callahan  Silver City  57.81,,,
AA Breann Mitchell Santa Rosa  59.23,,,
A Deborah Bome Floyd 59.68,,,
,,,
800 M Dash,,,
Class Name School  Time,,,
AAAA  Erin Belger Sandia  2:18.39,,,
AAA Amy Swier Aztec 2:16.66,,,
AA Guila Irwin Newcomb 2:26.71,,,
A Lenni HartleyRoy 2:29.78,,,
,,,
1600 M Run,,,
Class Name School  Time,,,
AAAA  Laci Jackson Hobbs  5:15.57,,,
AAA Amy Swier Aztec 4:51.68,,,
AA Guila Irwin Newcomb 5:25.50,,,
A Natalie Hanley Rehoboth 5:51.30,,,
,,,
3200 M Run,,,
Class Name School  Time,,,
AAAA  Katrina Petney Eldorado 11:53.56,,,
AAA Amy Swier Aztec 10:32.79,,,
AA Guila Irwin Newcomb 12:08.80,,,
A Autumn Yazzie Rehoboth 13.24.82,,,
,,,
100 M Hurdles (33”),,,
Class Name,School,Time,
AAAA  Karina White,Hobbs,15.7,
AAA Kacy Fox,Silver City,15.97,
AA Monica Christofferson,Cimarron,16.07,
A Tandra Hartley,Roy,16.86,
,,,
300 M Hurdles,,,
Class Name,School,Time,
AAAA  Michelle Nyez,Eldorado,45.15,
AAA Amy Merrill,St. Mikes,45.97,
AA Monica Christofferson,Cimarron,46.26,
A Tandra Hartley,Roy,48.01,
,,,
400 M Relay,,,
Class,School,Time,
AAAA,Hobbs,48.33,
AAA,Silver City,49.95,
AA,Sandia Prep,51.58,
A,Roy,50.68,
,,,
800 M Relay,,,
Class,School,Time,
AAAA,Oñate,01:43.8,
AAA,Albuquerque Academy,01:45.3,
AA,Cimarron,01:49.6,
A,Fort Sumner,01:51.3,
,,,
1600 M Relay Medley,,,
Class,School,Time,
AAAA,Hobbs,04:16.4,
AAA,Portales,04:20.2,
AA,Santa Rosa,04:33.2,
A,Roy,04:37.6,
,,,
1600 M Relay,,,
Class,School,Time,
AAAA,Eldorado,04:01.7,
AAA,Albuquerque Academy,04:04.1,
AA,Cimarron,04:17.5,
A,Fort Sumner,04:20.4,
Shot Put,,,
Class Name,,School,Distance
AAAA  Nia Harris,,Manzano,37’-06.75”
AAA Tasha Lee,,Hot Springs,41’-05.50”
AA Jody Brown,,Navajo Pine,36’-09.50”
A Crystal Floyd,,Fort Sumner,38’-10.00”
,,,
Discus,,,
Class Name,,School,Distance
AAAA  Vanessa Davidson,,Alamogordo,119’02.00”
AAA Sarah Prince,,Bloomfield,122’-05.00”
AA Jody Brown,,Navajo Pine,112’-09.00”
A Adriane Roybal,,Fort Sumner,111’-07.00”
,,,
Long Jump,,,
Class Name,,School,Distance
AAAA  Randi Baca,,Sandia,17’-02.75”
AAA Leisha Martinez,,Bloomfield,17’-01.75”
AA Rainy Crisp,,Navajo Prep,16’-11.50”
A Deborah Bome,,Floyd,17’-02.75”
,,,
High Jump,,,
Class Name,,School,Distance
AAAA  Seleste Morrow,,Clovis,5’-02.00”
AAA Sherri Cane,,Portales,5’-06.00”
AA Tenille Marrujo-Suggs,,Tularosa,5’-03.00”
A Jenny Garcia,,Roy,5’-02.00”
1996 Girls Track & Field State Champions,,,
,,,
100 M Dash,,,
Class Name School  Time,,,
AAAA  Felicia Devargus Del Norte  12.22,,,
AAA Christy Howard Lovington  12.62,,,
AA Rainy Crisp  Navajo Prep 13.45,,,
A Deborah Bome  Floyd 12.36,,,
,,,
200 M Dash,,,
Class Name School  Time,,,
AAAA  Makelee Carr Clovis  25.50,,,
AAA Stephanie Vlibarri Grants  26.40,,,
AA Breanne Mitchell Santa Rosa  27.41,,,
A Deborah Bome  Floyd 25.93,,,
,,,
400 M Dash,,,
Class Name School  Time,,,
AAAA  Erin Belger Sandia  56.95,,,
AAA Katherine Callahan Silver 57.38,,,
AA Breanne Mitchell Santa Rosa  59.66,,,
A Deborah Bome Floyd 59.07,,,
,,,
800 M Dash,,,
Class Name School  Time,,,
AAAA  Cindy Stefano  La Cueva 2:14.00,,,
AAA Larian Montoya Capital  2:17.90,,,
AA Gulia Irwin Newcomb 2:27.73,,,
A Lenni Hartly Roy 2:29.02,,,
,,,
1600 M Run,,,
Class Name School  Time,,,
AAAA  Mindy MizellLa Cueva  5:04.80,,,
AAA Amy Swier Aztec 5:08.20,,,
AA Guila Irwin Newcomb 5:29.49,,,
A Natalie Hanley Rehoboth 5:38.94,,,
,,,
3200 M Run,,,
Class Name School  Time,,,
AAAA  Valencia Tilden Gallup  11:20.10,,,
AAA Amy Swier Aztec 11:08.70,,,
AA Tahlia Naumburg Santa Fe Prep  12:18.16,,,
A April Lloyd Cimarron 12:48.35,,,
100 M Hurdles (33”),,,
Class Name,School,Time,
AAAA  Felicia Devargus,Del Norte,15.29,
AAA Amy Merrill,St. Mike’s,15.8,
AA Jo Schneider,Newcomb,17.4,
A Dayna Dominguez,Cliff,17.24,
,,,
300 M Hurdles,,,
Class Name,School,Time,
AAAA  Felicia Devargus,Del Norte,44.56,
AAA Leslie Schadel,Silver,46.07,
AA Tenille Marrujo-Suggs,Tularosa,48.23,
A Monica Christofferson,Cimarron,46.33,
,,,
400 M Relay,,,
Class,School,Time,
AAAA,Clovis,49.1,
AAA,Lovington,49.68,
AA,Santa Rosa,54.87,
A,Fort Sumner,52.52,
,,,
800 M Relay,,,
Class,School,Time,
AAAA,Clovis,01:43.1,
AAA,Albuquerque Academy,01:46.1,
AA,Texico,01:51.4,
A,Fort Sumner,01:50.1,
,,,
1600 M Relay Medley,,,
AAAA,Manzano,04:16.1,
AAA,Belen,04:37.9,
AA,Sandia Prep,04:31.1,
A,Rehoboth,04:27.2,
,,,
1600 M Relay,,,
Class,School,Time,
AAAA,Clovis,04:02.8,
AAA,Albuquerque Academy,04:04.6,
AA,Eunice,04:19.4,
A,Fort Sumner,04:19.8,
Shot Put,,,
Class Name,,School,Distance
AAAA  Jamie Vaughn,,Alamogordo,35’-02.50”
AAA Eva Wooten,,Silver,37’-07.50”
AA Cori Gonzales,,Lovington,35’-08.00”
A Crystal Ford,,Fort Sumner,34’-08.00”
,,,
Discus,,,
Class Name,,School,Distance
AAAA  Jamie Vaughn,,Alamogordo,110’-02.00”
AAA Kristen Grace,,Los Alamos,133’-10.00”
AA Jody Brown,,Navajo Pine,106’-05.00”
A Kristen Null,,Grady,108’-00.00”
,,,
Long Jump,,,
Class Name,,School,Distance
AAAA  Jana Teakell,,Clovis,17’-06.25”
AAA Lesha Martinez,,Bloomfield,16’-10.25”
AA Rainy Crisp,,Navajo Prep,15’-09.25”
A Lenni Hartley,,Roy,16’-04.75”
,,,
High Jump,,,
Class Name,,School,Distance
AAAA  Seleste Morrow,,Clovis,5’-02.00”
AAA Sherri Cane,,Portales,5’-08.00”
AA Tennille Marjo-Suggs,,Tularosa,5’-01.00”
A Deborah Bome,,Floyd,5’-03.00”
1995 Girls Track & Field State Champions,,,
,,,
,,,
100 M Dash,,,
Class Name School  Time,,,
AAAA  Melinda Cutter Manzano 12.71,,,
AAA Lita Echave  Los Alamos 12.28,,,
AA Denise Chavez Santa Rosa  13.81,,,
A Deborah Bome Floyd 13.11,,,
,,,
200 M Dash,,,
Class Name School  Time,,,
AAAA  Melinda Cutter Manzano 25.46,,,
AAA Lita Echave  Los Alamos 25.55,,,
AA Denise Chavez Santa Rosa 26.67,,,
A Liz Jaramillo Magdalena 26.78,,,
,,,
400 M Dash,,,
Class Name School  Time,,,
AAAA  Erin Belger Sandia  56.91,,,
AAA Lita Echave Los Alamos 57.33,,,
AA Breanne Mitchell Santa Rosa  1:00.24,,,
A Kathy Thompson Floyd 1:02.24,,,
,,,
800 M Dash,,,
Class Name School  Time,,,
AAAA  Cindy Stefano  La Cueva  2:22.86,,,
AAA Melissa Bouren Bloomfield 2:22.12,,,
AA Guila Irwin Newcomb 2:28.06,,,
A April Lloyd Cimarron 2:30.72,,,
,,,
1600 M Run,,,
Class Name School  Time,,,
AAAA  April Brannon  Manzano 5:19.43,,,
AAA Stephanie Milan  Bloomfield 5:19.14,,,
AA Guila Irwin Newcomb 5:13.80,,,
A Stacy Seymour Cimarron 5:38.52,,,
,,,
3200 M Run,,,
Class Name School  Time,,,
AAAA  Mindy Mizell  La Cueva 11:43.32,,,
AAA Stephanie Milan Bloomfield 11:43.14,,,
AA Tahlia Naumbury Santa Fe Prep  12:18.67,,,
A April Lloyd Cimarron 12:50.26,,,
,,,
100 M Hurdles (33”),,,
Class Name,School,Time,
AAAA  Sarah Peterson,Santa Fe,14.85,
AAA Amy Merrill,St. Mike’s,15.47,
AA Jo Schneider,Newcomb,16.71,
A Kristi Hartley,Roy,16.76,
,,,
300 M Hurdles,,,
Class Name,School,Time,
AAAA  Tera Johnson,Alamogordo,45.27,
AAA Leslie Shadel,Silver,47.13,
AA Jo Schneider,Newcomb,48.73,
A Monica Christofferson,Cimarron,48.33,
,,,
400 M Relay,,,
Class,School,Time,
AAAA,Alamogordo,49.82,
AAA,Belen,50.82,
AA,Santa Rosa,51.36,
A,Roy,51.48,
,,,
800 M Relay,,,
Class,School,Time,
AAAA,Manzano,01:44.7,
AAA,Belen,01:49.1,
AA,Santa Rosa,01:49.3,
A,Cimarron,01:49.0,
,,,
1600 M Relay Medley,,,
Class,School,Time,
AAAA,La Cueva,04:29.1,
AAA,Belen,04:19.5,
AA,Santa Fe Prep,04:35.1,
A,Floyd,04:28.7,
,,,
1600 M Relay,,,
Class,School,Time,
AAAA,Hobbs,04:00.8,
AAA,Los Alamos,04:02.6,
AA,Santa Fe Prep,04:23.9,
A,Floyd,04:19.4,
Shot Put,,,
Class Name,,School,Distance
AAAA  Melissa Page,,Clovis,37’-03.00”
AAA Lucy Balesquez,,Aztec,40’-06.50”
AA Jody Brown,,Navajo Pine,34’-01.25
A Felicia Knox,,Cimarron,35’-03.50
,,,
Discus,,,
Class Name,,School,Distance
AAAA  Safiya Ingram,,Las Cruces,133’-06.00”
AAA Lucy Balesquez,,Aztec,133’-10.00”
AA Jody Brown,,Navajo Pine,110’-09.00”
A Felicia Knox,,Cimarron,107’-05.00”
,,,
Long Jump,,,
Class Name,,School,Distance
AAAA  Melinda Cutter,,Manzano,17’-10.50”
AAA Regina Mescall,,St. Pius,16’-09.50”
AA Rainy Crisp,,Navajo Prep,15’-10.75”
A Deborah Bome,,Floyd,17’-02.00”
,,,
High Jump,,,
Class Name,,School,Distance
AAAA  Jody Sifuentos,,Del Norte,5’-00.00”
AAA Karyn Karlin,,Kirtland Central,5’-04.00”
AA Jayme Justus,,Hope,5’-02.00”
A Kristi Hartley,,Roy,5’-04.00”
1994 Girls Track & Field State Champions,,,
,,,
,,,
100 M Dash,,,
Class Name School  Time,,,
AAAA  Ami Konte Eldorado 12.15,,,
AAA Petra Reger St. Pius 12.46,,,
AA Danika Taylor  Hope 13.04,,,
A Shannon Arant Dora  13.25,,,
,,,
200 M Dash,,,
Class Name School  Time,,,
AAAA  Ami Konte Eldorado 25.43,,,
AAA Petra Reger St. Pius 26.13,,,
AA Danika Taylor  Hope 27.12,,,
A Shannon Arant Dora  27.07,,,
,,,
400 M Dash,,,
Class Name School  Time,,,
AAAA  Monique Harris Clovis  56.86,,,
AAA Emily Carly Deming 57.89,,,
AA Katie Rogers Hot Springs 59.30,,,
A Sarah Bland Tatum  1:00.54,,,
,,,
800 M Dash,,,
Class Name School  Time,,,
AAAA  Cindy Stefanko La Cueva  2:20.03,,,
AAA Veronica Montoya  Oñate 2:17.17,,,
AA Stacey Cox Hot Springs 2:23.84,,,
A Autumn Yazzie Rehoboth 2:29.37,,,
,,,
1600 M Run,,,
Class Name School  Time,,,
AAAA  Valencia Tilden Gallup  5:12.91,,,
AAA Veronica Montoya Oñate 5:12.65,,,
AA Stacey Cox Hot Springs 5:33.49,,,
A Stacey Seymour Cimarron 5:37.02,,,
,,,
3200 M Run,,,
AAAA  Valencia Tilden Gallup  11:27.49,,,
AAA Shelia Madigan Albuquerque Academy 11:24.11,,,
AA Raclyn Toya Santa Fe Indian  13:01.31,,,
A Stacey Seymour Cimarron 13:00.81,,,
100 M Hurdles (33”),,,
Class Name,School,Time,
AAAA  Ryan Tolbert,Clovis,15.01,
AAA Robin Overson,Bloomfield,15.63,
AA Estela Tenorio,Santa Rosa,17.53,
A Shannon Arant,Dora,15.04,
,,,
300 M Hurdles,,,
Class Name,School,Time,
AAAA  Ryan Tolbert,Clovis,44.25,
AAA Nava Scarbrough,Oñate,46.55,
AA Becky Jordan,Eunice,47.26,
A Shannon Arant,Dora,45.88,
,,,
400 M Relay,,,
Class,School,Time,
AAAA,Clovis,49.58,
AAA,Deming,50.25,
AA,Santa Rosa,52.36,
A,Capitan,51.95,
,,,
800 M Relay,,,
Class,School,Time,
AAAA,Clovis,01:45.2,
AAA,Deming,01:44.4,
AA,Clayton,01:51.4,
A,Cimarron,01:51.6,
,,,
1600 M Relay Medley,,,
Class,School,Time,
AAAA,Eldorado,04:19.7,
AAA,Belen,04:14.5,
AA,Santa Fe Prep,04:35.0,
A,Texico,04:36.9,
,,,
1600 M Relay,,,
Class,School,Time,
AAAA,Clovis,03:58.9,
AAA,Deming,04:00.6,
AA,Clayton,04:30.0,
A,Capitan,04:16.1,
Shot Put,,,
Class Name,,School,Distance
AAAA  Kelly Bickham,,Alamogordo,39’-06.00
AAA Becky Dale,,Lovington,36’-06.00”
AA Mary Ann Castillo,,Lordsburg,33’-02.50”
A Felicia Knox,,Cimarron,34’-05.00”
,,,
Discus,,,
Class Name,,School,Distance
AAAA  Kelly Bickham,,Alamogordo,142’-10.00”
AAA Mariel Garcia,,Belen,122’-11.00”
AA Jody Brown,,Navajo Pine,111’-17.50”
A Tycie Tralor,,Capitan,114’-02.00”
,,,
Long Jump,,,
Class Name,,School,Distance
AAAA  Melinda Carter,,Manzano,17’-07.75”
AAA Miranda Baca,,Albuquerque Academy,17’-00.50”
AA Danika Taylor,,Hope,17’-10.75”
A Kristy Harltey,,Roy,17”-00.25”
,,,
High Jump,,,
Class Name,,School,Distance
AAAA  Ryan Rolbert,,Clovis,5’-06.00”
AAA Sherri Cain,,Portales,5’-04.00”
AA Tenille Suggs,,Tularosa,5’-02.00”
A Kristi Harltey,,Roy,5’-06.00”
1993 Girls Track & Field State Champions,,,
,,,
,,,
100 M Dash,,,
Class Name School  Time,,,
AAAA  Ami Konte Eldorado 12.76,,,
AAA Lanell Scarbrough Oñate 12.67,,,
AA Diwiki Taylor  Hope 13.57,,,
A Khali Hunter Mountainair 13.50,,,
,,,
200 M Dash,,,
Class Name School  Time,,,
AAAA  Ryan Tolbert Clovis  26.21,,,
AAA Lanell Scarbrough  Oñate 26.38,,,
AA Jessica York  Clayton 26.65,,,
A Khali Hunter Mountainair  26.59,,,
,,,
400 M Dash,,,
Class Name School  Time,,,
AAAA  Monique Harris  Clovis57.61,,,
AAA Audrey Madrid Silver 56.62,,,
AA Katie Rogers Hot Springs 1:01.58,,,
A Sarah Bland Tatum1:00.23,,,
,,,
800 M Dash,,,
Class Name School  Time,,,
AAAA  Susan Prentice  Sandia  2:21.15,,,
AAA Veronica Montoya  Oñate 2:16.32,,,
AA DeAlva Calbaza Santa Fe Indian  2:33.56,,,
A Mary Boot  Rehoboth  2:25.69,,,
,,,
1600 M Run,,,
Class Name School  Time,,,
AAAA  Janet TrujilloEldorado 5:09.29,,,
AAA Justine Fox-Young Albuquerque Academy 5:08.82,,,
AA Melissa Lucero Laguna-Acoma 5:13.80,,,
A Mary Boot  Rehoboth  5:22.54,,,
,,,
3200 M Run,,,
Class Name School  Time,,,
AAAA  Janet Trujillo Eldorado 11:24.02,,,
AAA Justine Fox-Young Albuquerque Academy 11:38.15,,,
AA Melissa Lucero Laguna-Acoma 11:23.23,,,
A Betty Boot  Rehoboth  12:20.26,,,
,,,
100 M Hurdles (33”),,,
Class Name,School,Time,
AAAA  Ryan Tolbert,Clovis,15.06,
AAA Abby Hoover,Albuquerque Academy,14.92,
AA Becky Jordan,Eunice,16.39,
A Shannon Arant,Dora,15.64,
,,,
300 M Hurdles,,,
Class Name,School,Time,
AAAA  Ryan Tolbert,Clovis,44.98,
AAA Abby Hoover,Albuquerque Academy,43.67,
AA Becky Jordan,Eunice,48.19,
A Sarah Jones,Pine Hill,47.66,
,,,
400 M Relay,,,
Class,School,Time,
AAAA,Clovis,49.58,
AAA,Silver,49.68,
AA,Santa Rosa,52.33,
A,Texico,52.77,
,,,
800 M Relay,,,
Class,School,Time,
AAAA,Roswell,01:44.5,
AAA,Silver,01:44.1,
AA,Santa Rosa,01:50.8,
A,Texico,01:52.5,
,,,
1600 M Relay Medley,,,
Class,School,Time,
AAAA,Alamogordo,04:22.8,
AAA,Silver,04:13.6,
AA,Hot Springs,04:38.2,
A,Fort Sumner,04:35.7,
,,,
1600 M Relay,,,
Class,School,Time,
AAAA,Clovis,04:02.3,
AAA,Deming,04:04.1,
AA,Santa Rosa,04:16.6,
A,Roy,04:19.5,
Shot Put,,,
Class Name,,School,Distance
AAAA  Ieka Ellis,,Albuquerque,42’-01.50”
AAA Melissa Fletcher,,Cobre,40’-03.75
AA Michelle Juarez,,Dexter,35’-02.00”
A Felice Knox,,Cimarron,34’-10.50”
,,,
Discus,,,
Class Name,,School,Distance
AAAA  Kelly Bickham,,Alamogordo,131’-10.00”
AAA Luciana Velasquez,,Aztec,118’-02.00”
AA Michelle Juarez,,Dexter,111’-11.00”
A Felice Knox,,Cimarron,106’-03.00”
,,,
Long Jump,,,
Class Name,,School,Distance
AAAA  Amanda Garza,,Gadsden,16’-8.75”
AAA Abby Hoover,,Albuquerque Academy,17’-01.25”
AA Danika Taylor,,Hope,15’-10.75”
A Kodi Mackenchie,,Grady,15’-11.50”
,,,
High Jump,,,
Class Name,,School,Distance
AAAA  Cassie Nault,,Hobbs,5’-06.00”
AAA Kristina Dominguez,,Grants,5’-04.00”
AA Tenille Suggs,,Tularosa,4’-10.00”
A Kristi Hartley,,Roy,5’-04.00”
1992 Girls Track & Field State Champions,,,
,,,
,,,
100 M Dash,,,
Class Name School  Time,,,
AAAA  Michelle Apodaca  Mayfield 12.60,,,
AAA Lanell Scarbrough Oñate 12.29,,,
AA Abra Anelifte  Sandia Prep 13.37,,,
A Dona Howell Elida 12.98,,,
,,,
200 M Dash,,,
Class Name School  Time,,,
AAAA  Tanya Chavez  Valley  25.51,,,
AAA Lanell Scarbrough Oñate26.26,,,
AA Katie Rogers Hot Springs 27.39,,,
A Shelly Slaughter Grady 27.27,,,
,,,
400 M Dash,,,
Class Name School  Time,,,
AAAA  Monique Poindexter Del Norte  58.39,,,
AAA Audrey Madrid Silver 57.13,,,
AA Tammy Perea  Mora 60.88,,,
A Melinda Hronich Cimarron 60.50,,,
,,,
800 M Dash,,,
Class Name School  Time,,,
AAAA  Sara Glover Eldorado 2:19.20,,,
AAA Latisha Wayne Oñate 2:21.42,,,
AA Krista LaSosa  Santa Fe Prep  2:27.25,,,
A Lindsay Kittrell Texico  2:31.30,,,
,,,
1600 M Run,,,
Class Name School  Time,,,
AAAA  Janet Trujillo Eldorado 5:12.91,,,
AAA Stephanie Milam Bloomfield 5:13.29,,,
AA Melissa Lucero Laguna-Acoma 5:22.58,,,
A Mary Boot  Rehoboth  5:36.33,,,
,,,
3200 M Run,,,
Class Name School  Time,,,
AAAA  Janet Trujillo Eldorado  11:35.41,,,
AAA Stephanie Milan  Bloomfield 11:16.17,,,
AA Melissa Lucero Laguna-Acoma 12:04.1,,,
A Name,,,
,,,
100 M Hurdles (33”),,,
Class Name,School,Time,
AAAA  Ryan Tolbert,Clovis,14.69,
AAA Abby Hoover,Albuquerque Academy,15.01,
AA Becky Jordan,Eunice,17.09,
A Aran Shannon,Dora,15.72,
,,,
300 M Hurdles,,,
Class Name,School,Time,
AAAA  Ryan Tolbert,Clovis,43.13,
AAA Abby Hoover,Albuquerque Academy,44.3,
AA Becky Jordan,Eunice,48.16,
A Shannon Arant,Dora,48.07,
,,,
400 M Relay,,,
Class,School,Time,
AAAA,Clovis,48.92,
AAA,Oñate,49.06,
AA,Clayton,51.85,
A,Cimarron,52,
,,,
800 M Relay,,,
Class,School,Time,
AAAA,Eldorado,01:45.2,
AAA,Oñate,01:44.7,
AA,Hot Springs,150.22,
A,Elida,01:50.2,
,,,
1600 M Relay Medley,,,
Class,School,Time,
AAAA,Sandia,04:15.2,
AAA,Oñate,04:20.3,
AA,Santa Fe Indian,04:38.2,
A,Cimarron,04:34.0,
,,,
1600 M Relay,,,
Class,School,Time,
AAAA,Clovis,03:58.8,
AAA,Silver,04:03.5,
AA,Sandia Prep,04:17.9,
A,Capitan,04:16.1,
Shot Put,,,
Class Name,,School,Distance
AAAA  Tineka Hoover,,Albuquerque,40’-09.00”
AAA Sheila Hoover,,Goddard,37’-02.25”
AA Michelle Juarez,,Dexter,34’-10.00”
A Amanda Gallegos,,Fort Sumner,33’-05.50”
,,,
Discus,,,
Class Name,,School,Distance
AAAA  Kelly Bickham,,Alamogordo,134’-10.00”
AAA Monica Martinez,,Ruidoso,120’-06.00”
AA Shelly Westmoreland,,Eunice,108’-04.00”
A Dana Lambert,,Tatum,111’-11.00”
,,,
Long Jump,,,
Class Name,,School,Distance
AAAA  Kristen Bell,,Del Norte,17’-10.00”
AAA Lanell Scarbrough,,Oñate,17’-08.75”
AA Lori Merrill,,Peñasco,16’-08.25”
A Kristy Hartley,,Roy,16’-07.00”
,,,
High Jump,,,
Class Name,,School,Distance
AAAA  Jana Geisler,,Los Alamos,5’-08.00”
AAA Kathy Kline,,Aztec,5’-03.00”
AA Raina Richards,,Estancia,5’-00.00”
A Kristy Hartley,,Roy,5’-04.00”
1991 Girls Track & Field State Champions,,,
,,,
,,,
100 M Dash,,,
Class Name School  Time,,,
AAAA  Angela Jackson Albuquerque 12.50,,,
AAA Lanell Scarbrough Oñate 13.07,,,
AA Abra Becker-Ancliff Sandia Prep 12.52,,,
A Corinne Madrill Magdalena 12.59,,,
,,,
200 M Dash,,,
Class Name School  Time,,,
AAAA  Angela Jackson Albuquerque 25.70,,,
AAA Lanell Scarbrough Oñate 26.74,,,
AA Abra Becker-Ancliff Sandia Prep 28.21,,,
A Kodi Mackenchine Grady 28.41,,,
,,,
400 M Dash,,,
Class Name School  Time,,,
AAAA  Nicki Geherett  Clovis  57.29,,,
AAA Audrey Madrid Silver 58.79,,,
AA Stacey Cox Hot Springs 58.84,,,
A Jessica Litke Fort Sumner 61:82,,,
,,,
800 M Dash,,,
Class Name School  Time,,,
AAAA  Melene Ingram  Las Cruces 2:22.74,,,
AAA Latisha Wayne  Oñate 2:19.15,,,
AA Stacey Cox Hot Springs 2:24.28,,,
A Tammy Lieb Elida  2:32.61,,,
,,,
1600 M Run,,,
Class Name School  Time,,,
AAAA  Janet Trujillo Eldorado 5:22.22,,,
AAA Latisha Wayne  Oñate 5:17.20,,,
AA Melissa Lucero Laguna-Acoma 5:31.27,,,
A Mary Boot  Rehoboth  5:30.50,,,
,,,
3200 M Run,,,
Class Name School  Time,,,
AAAA  Janet TrujilloEldorado 11:35.94,,,
AAA Staphanie Milan  Bloomfield 12:15.61,,,
AA Melissa Lucero Laguna-Acoma 12:32.31,,,
A Betty Boot Rehoboth  12:54.44,,,
100 M Hurdles (33”),,,
Class Name,School,Time,
AAAA  Ryan Tolbert,Clovis,15.24,
AAA Amber Griswold,Silver,16.32,
AA Becky Jordan,Eunice,16.75,
A Kristi Hartley,Roy,16.34,
,,,
300 M Hurdles,,,
Class Name,School,Time,
AAAA  Ryan Tolbert,Clovis,45.43,
AAA Maria Rodriguez,Deming,46.18,
AA Kristie Dabovich,Clayton,52.13,
A Kristi Hartley,Roy,48.34,
,,,
400 M Relay,,,
Class,School,Time,
AAAA,Clovis,48.87,
AAA,Silver,49.55,
AA,Mora,52.16,
A,Texico,52.55,
,,,
800 M Relay,,,
Class,School,Time,
AAAA,Clovis,01:44.7,
AAA,Oñate,01:46.2,
AA,Clayton,01:52.1,
A,Capitan,01:51.8,
,,,
1600 M Relay Medley,,,
Class,School,Time,
AAAA,Del Norte,04:18.6,
AAA,Oñate,04:27.2,
AA,Hot Springs,04:43.9,
A,Rehoboth,04:37.0,
,,,
1600 M Relay,,,
Class,School,Time,
AAAA,Clovis,04:02.3,
AAA,Oñate,04:07.4,
AA,Mora,04:22.7,
A,Capitan,04:19.2,
1988 Girls Track & Field State Champions,,,
,,,
,,,
100 M Dash,,,
Class Name School  Time,,,
AAAA  Shelia BurrellRio Grande  11.78,,,
AAA Lisa Matthews Artesia  12.88,,,
AA Dee Dee Sanders Hot Springs 12.17,,,
A Joey HIlburn  Tatum  12.20,,,
,,,
200 M Dash,,,
Class Name School  Time,,,
AAAA  Shelia Burrell  Rio Grande  25.14,,,
AAA Peggy Fowler  Cobre 25.77,,,
AA Dee Dee Sanders Hot Springs 26.51,,,
A Joey Hilburn Tatum  25.24,,,
,,,
400 M Dash,,,
Class Name School  Time,,,
AAAA  Nikki Gehrett  Clovis  57.72,,,
AAA Ruth Brown  Lovington 57.84,,,
AA Dee Dee Sanders Hot Springs 59.21,,,
A Joey Hilburn Tatum  58.86,,,
,,,
800 M Dash,,,
Class Name School  Time,,,
AAAA  Veronica Trujilllo Roswell 2:21.77,,,
AAA Veronica Flores Robertson 2:26.14,,,
AA Jeanine Caldwell Clayton 2:31.59,,,
A Joey Hilburn Tatum  2:18.64,,,
,,,
1600 M Run,,,
Class Name School  Time,,,
AAAA  Christie Freisson  Manzano 5:16.08,,,
AAA Angie Lee  Bloomfield 5:19.65,,,
AA Jeatonne Gallegos Santa Rosa  6:03.80,,,
A Wynona Larson St. Catherine’s 5:25.91,,,
,,,
3200 M Run,,,
Class Name School  Time,,,
AAAA  Melissa Weaver Sandia  11:38.62,,,
AAA Angie Lee Bloomfield  11:37.51,,,
AA Maria Magdalena  Jemez Valley  12:21.67,,,
A Wynona Larson St. Catherine’s  12:04.04,,,
,,,
100 M Hurdles (33”),,,
Class Name,School,Time,
AAAA  Kitrian Martin,Farmington,15.16,
AAA Michelle Minica,Tucumcari,15.31,
AA Jamie Jesko,Clayton,16.03,
A Denisa Lightfoot,Corona,18.04,
,,,
300 M Hurdles,,,
Class Name,School,Time,
AAAA  Natanya Jones,Highland,44.89,
AAA Michelle Minica,Tucumcari,45.52,
AA Jamie Jesko,Clayton,48.45,
A Amy Chadwick,Texico,47.14,
,,,
400 M Relay,,,
Class,School,Time,
AAAA,Clovis,49.31,
AAA,Cobre,49.78,
AA,Clayton,51.75,
A,Capitan,51.86,
,,,
800 M Relay,,,
Class,School,Time,
AAAA,Clovis,01:43.6,
AAA,Silver City,01:46.9,
AA,Clayton,01:49.6,
A,Texico,01:49.1,
,,,
1600 M Relay Medley,,,
Class,School,Time,
AAAA,La Cueva,04:19.4,
AAA,Tucumcari,04:21.1,
AA,Laguna-Acoma,04:36.2,
A,Texico,04:31.6,
,,,
1600 M Relay,,,
Class,School,Time,
AAAA,Clovis,04:00.0,
AAA,Pojoaque,04:13.5,
AA,Clayton,04:20.3,
A,Fort Sumner,04:22.2,
Shot Put,,,
Class Name,,School,Distance
AAAA  Mara Beverwyck,,Los Alamos,39’-08.75”
AAA Ernestine Platero,,Kirtland Central,37’-06.25”
AA Jennifer Pope,,Hot Springs,36’-10.00”
A Katheryn Troublefield,,Hagerman,32’-09.50”
,,,
Discus,,,
Class Name,,School,Distance
AAAA  Olivia Tellez,,Carlsbad,117’-10.00”
AAA Cathie Crow,,Lovington,129’-01.00”
AA Jodie Orlynda,,Crownpoint,108’-06.00”
A Amy Dahl,,Roy,117’-04.75”
,,,
,,,
Long Jump,,,
Class Name,,School,Distance
AAAA  Shelia Burrell,,Rio Grande,17’-04.75”
AAA Tracy Spence,,Aztec,18’-03.25”
AA Samantha Lopez,,Peñasco,15’-08.75”
A Joey Hilburn,,Tatum,17’03.50”
,,,
High Jump,,,
Class Name,,School,Distance
AAAA  Kitrian Martin,,Farmington,5’-04.00”
AAA Colette Hatch,,Kirtland Central,5’-04.00”
AA Aura Cook,,Questa,5’-05.50”
A Kelli Thurman,,Elida,5’-07.25”
1987 Girls Track & Field State Champions,,,
,,,
,,,
100 M Dash,,,
Class Name School  Time,,,
AAAA  Tanya Florence  Eldorado 12.30,,,
AAA Peggy Fowler  Cobre 12.55,,,
AA Vicki Perez Jal 12.90,,,
A Tina Brooks Tatum  12.59,,,
,,,
200 M Dash,,,
Class Name School  Time,,,
AAAA  Michele Carter Los Alamos 25.85,,,
AAA Peggy Fowler  Cobre 26.44,,,
AA Vicki Perez Jal 26.54,,,
A Joey Milburn Tatum  24.94,,,
,,,
400 M Dash,,,
Class Name School  Time,,,
AAAA  Shannon McBride  Clovis  57.78,,,
AAA Teresa Mc Pherson Aztec 59.91,,,
AA Jerri Cordova Santa Rosa  62.78,,,
A Joey Miburn Tatum  58.90,,,
,,,
800 M Dash,,,
Class Name School  Time,,,
AAAA  Josie Wurst Santa Fe 2:19.59,,,
AAA Kim Spangler  Bloomfield 2:22.47,,,
AA Jackie Casador Dulce 2:35.23,,,
A Lisa Gonzalez  Mountainair 2:29.55,,,
,,,
1600 M Run,,,
Class Name School  Time,,,
AAAA  Melissa Weaver Sandia  5:15.56,,,
AAA Angela Lee Bloomfield 5:25.63,,,
AA Michaelyn Jodie Crownpoint 5:28.19,,,
A Wyona Larson St. Catherine’s 5:50.90,,,
,,,
3200 M Run,,,
Class Name School  Time,,,
AAAA  Laura Romero  Santa Fe  11:33.47,,,
AAA Angie Lee Bloomfield 11:57.64,,,
AA Michaelyn Jodie  Crown Point 12:21.80,,,
A Wyona Larson St. Catherine’s  12:33.31,,,
,,,
100 M Hurdles (33”),,,
Class Name,School,Time,
AAAA  Michele Carter,Los Alamos,15.83,
AAA Lynne Frey,Tucumcari,15.36,
AA Danette Birdwell,Clayton,16.57,
A Denise Lightfoot,Corona,16.81,
,,,
300 M Hurdles,,,
Class Name,School,Time,
AAAA  Sandra Crowe,Alamogordo,45.13,
AAA Michelle Minica,Tucumcari,45.96,
AA Niki Tapia,Menaul,48.73,
A Leslie Steward,Texico,48.42,
,,,
400 M Relay,,,
Class,School,Time,
AAAA,Clovis,48.88,
AAA,Robertson,50.13,
AA,Clayton,51.61,
A,Tatum,51.59,
,,,
800 M Relay,,,
Class,School,Time,
AAAA,Clovis,01:43.2,
AAA,Robertson,01:46.9,
AA,Eunice,01:49.0,
A,Tatum,01:44.3,
,,,
1600 M Relay Medley,,,
Class,School,Time,
AAAA,Roswell,04:17.3,
AAA,Robertson,04:18.1,
AA,Clayton,04:31.8,
A,Fort Sumner,04:25.2,
,,,
1600 M Relay,,,
Class,School,Time,
AAAA,Clovis,04:01.7,
AAA,St. Pius,04:03.8,
AA,Clayton,04:16.0,
A,Tatum,04:03.1,
Shot Put,,,
Class Name,,School,Distance
AAAA  Darian Goldsmith,,Alamogordo,38’-07.25”
AAA Lola Griffin,,Portales,38’-10.50”
AA Jodie Orlynda,,Crownpoint,36’-05.00”
A Debbie Fury,,Grady,36’-03.00”
,,,
Discus,,,
Class Name,,School,Distance
AAAA  Dee Dee Hodge,,Del Norte,117’-07.00”
AAA Rachel Langemeier,,Socorro,124’-05.00”
AA Jodie Orlynda,,Crownpoint,106’-04.75”
A Twilla Longo,,Texico,105’-11.50”
,,,
Long Jump,,,
Class Name,,School,Distance
AAAA  Lisa Gill,,Eldorado,17’-02.75”
AAA Tracy Spence,,Aztec,17’-11.50”
AA Susanne Sack,,Eunice,16’-00.75”
A Kelli Thurman,,Elida,16’-09.00”
,,,
High Jump,,,
Class Name,,School,Distance
AAAA  Mary Lee White,,Santa Fe,5’-06.00”
AAA Lynne Frey,,Tucumcari,5’-08.50”
AA Nezbab Penn,,Navajo Academy,5’-04.00”
A Name,,,
1986 Girls Track & Field State Champions,,,
,,,
,,,
100 M Dash,,,
Class Name School  Time,,,
AAAA  Rona Thompson  Eldorado 12.46,,,
AAA Tracy SpenceAztec 12.73,,,
AA Jerri CordovaSanta Rosa  13.02,,,
A Tina Brooks Tatum  12.59,,,
,,,
200 M Dash,,,
Class Name School  Time,,,
AAAA  Rona Thompson Eldorado 25.30,,,
AAA Tracy Spence Aztec 25.72,,,
AA Jerri CordovaSanta Rosa  26.77,,,
A Dana Clark Fort Sumner 26.69,,,
,,,
400 M Dash,,,
Class Name School  Time,,,
AAAA  Gina Padilla  Valley  57.48,,,
AAA Amy Bellah Lovington 58.07,,,
AA Sandy Dabovich Clayton 59.61,,,
A Joey Hilburn Tatum  59.57,,,
,,,
800 M Dash,,,
Class Name School  Time,,,
AAAA  Melissa Weaver Sandia  2:19.75,,,
AAA Rachel Maclehose Albuquerque Academy 2:23.33,,,
AA Roxanne Lujan  Estancia  2:32.04,,,
A Becky Huey  Capitan  2:31.23,,,
,,,
1600 M Run,,,
Class Name School  Time,,,
AAAA  Cindy HerhanSandia  5:09.64,,,
AAA Paula Hannaweeke Zuni 5:28.38,,,
AA Roxanne Lujan  Estancia 5:34.04,,,
A Carol Clark Fort Sumner 5:50.85,,,
,,,
3200 M Run,,,
Class Name School  Time,,,
AAAA  Cindy Herhan  Sandia  11:33.83,,,
AAA Paula Hannaweeke Zuni 11:45.81,,,
AA Juana Natseway Laguna-Acoma 12:09.95,,,
A Mary Romero  Corona 12:55.60,,,
,,,
100 M Hurdles (33”),,,
Class Name,School,Time,
AAAA  Ann Frost,Farmington,14.28,
AAA Phyllis Sategna,Bloomfield,16.18,
AA Jamie Morales,Dexter,16.26,
A Jana Harris,Capitan,16.25,
,,,
300 M Hurdles,,,
Class Name,School,Time,
AAAA  Sandia Crowe,Alamogordo,44.7,
AAA Rosemary Hobby,Goddard,46.26,
AA Nicki Tapia,Menaul,48.51,
A Jana Harris,Capitan,46.66,
,,,
400 M Relay,,,
Class,School,Time,
AAAA,Highland,48.68,
AAA,Lovington,50.67,
AA,Santa Rosa,51.78,
A,Tatum,50.42,
,,,
800 M Relay,,,
Class,School,Time,
AAAA,Eldorado,01:42.5,
AAA,St. Pius X,01:46.5,
AA,Clayton,01:49.9,
A,Tatum,01:44.3,
,,,
1600 M Relay Medley,,,
Class,School,Time,
AAAA,Eldorado,04:16.8,
AAA,Silver City,04:26.1,
AA,Clayton,04:29.7,
A,Fort Sumner,04:26.1,
,,,
1600 M Relay,,,
Class,School,Time,
AAAA,Eldorado,04:02.9,
AAA,Silver City,04:08.5,
AA,Clayton,04:18.4,
A,Tatum,04:17.6,
Shot Put,,,
Class Name,,School,Distance
AAAA  Lisa Longerot,,Sandia,38’-10.00”
AAA Michelle Harrington,,Hot Springs,39’-03.50”
AA Jodie Orlynda,,Crownpoint,33’-11.00”
A Pam Barnett,,Hagerman,36’-04.50”
,,,
Discus,,,
Class Name,,School,Distance
AAAA  Lisa Longerot,,Sandia,117’-4”
AAA Michelle Harrington,,Hot Springs,110’-11.00”
AA Monica Candelaria,,Dexter,109’-09.00”
A Michelle Clark,,Dora,109’-04.00”
,,,
Long Jump,,,
Class Name,,School,Distance
AAAA  Casandra White,,Hobbs,17’-6”
AAA Tracey Spence,,Aztec,17’-03.25”
AA Sandy Dabovich,,Clayton,16’-11.25”
A Kelli Thurman,,Elida,16’-07.25”
,,,
High Jump,,,
Class Name,,School,Distance
AAAA  Mary White,,Santa Fe,5’-06.00”
AAA Shannon Ortiz,,Raton,5’-02.00”
AA Kelly Bagwell,,Animas,4’-10.00”
A Name,,,
1985 Girls Track & Field State Champions,,,
,,,
,,,
100 M Dash,,,
Class Name School  Time,,,
AAAA  Tori Florence Eldorado 12.02,,,
AAA Lilly Jones Lovington 12.66,,,
AA Jackie Kemp Jal 12.58,,,
A Toni Brooks  Tatum  12.18,,,
,,,
200 M Dash,,,
Class Name School  Time,,,
AAAA  Terri Florence  Eldorado 25.06,,,
AAA Amy Bellah  Lovington 25.62,,,
AA Jackie Kemp Jal 25.80,,,
A Toni Brooks Tatum  25.40,,,
,,,
400 M Dash,,,
Class Name School  Time,,,
AAAA  Tina Hodge  West Mesa 57.57,,,
AAA Amy Bellah  Lovington 58.89,,,
AA Jackie Kemp Jal 57.51,,,
A Beth Williams  Fort Sumner 61.19,,,
,,,
800 M Dash,,,
Class Name School  Time,,,
AAAA  Carmen Richardson Eldorado 2:18.47,,,
AAA Michelle Montoya  Tucumcari 2:22.70,,,
AA Tina Childers Jal 2:24.32,,,
A Julie Pana  Fort Sumner 2:33.60,,,
,,,
1500 M Run,,,
Class Name School  Time,,,
AAAA  Yvette Horan Del Norte 4:43.35,,,
AAA Michelle Montoya Tucumcari 4:58.08,,,
AA Elizabeth Gonzales Peñasco 5:09.86,,,
A Rebecca Aragon Reserve 5:11.68,,,
,,,
3000 M Run,,,
Class Name School  Time,,,
AAAA  Verna WoodyGallup  10:13.20,,,
AAA Laura Macelhose Albuquerque Academy 11:05.15,,,
AA Elizabeth Gonzales Peñasco 11:04.21,,,
A Rebecca Aragon Reserve 11:39.50,,,
,,,
100 M Hurdles (30”),,,
Class Name,School,Time,
AAAA  Sandra Crow,Alamogordo,14.7,
AAA Lynne Frey,Tucumcari,14.94,
AA Jackie Kemp,Jal,14.97,
A Jana Harris,Capitan,17.75,
,,,
300 M Hurdles,,,
Class Name,School,Time,
AAAA  Sandra Crow,Alamogordo,44.91,
AAA Rosemary Hobby,Goddard,47.1,
AA Marie Gonzales,Springer,49.41,
A Susan Widner,Floyd,47.95,
,,,
400 M Relay,,,
Class,School,Time,
AAAA,Eldorado,48.79,
AAA,Lovington,50.59,
AA,Hope,51.81,
A,Tatum,50.3,
,,,
800 M Relay,,,
Class,School,Time,
AAAA,Eldorado,01:43.9,
AAA,Tucumcari,01:47.1,
AA,Clayton,01:50.8,
A,Tatum,01:44.3,
,,,
800 M Relay Medley,,,
Class,School,Time,
AAAA,Eldorado,01:50.7,
AAA,Lovington,01:52.6,
AA,Santa Rosa,01:57.8,
A,Tatum,01:53.1,
,,,
1600 M Relay,,,
Class,School,Time,
AAAA,Eldorado,04:01.1,
AAA,Lovington,04:04.1,
AA,Santa Rosa,04:13.7,
A,Fort Sumner,04:11.9,
Shot Put,,,
Class Name,,School,Distance
AAAA  Renee Berry,,Hobbs,40’-07.75”
AAA Wendy Miller,,Hot Springs,42’-05.00
AA Rachelle Birdwell,,Clayton,35’-04.25”
A Pam Barnett,,Hagerman,36’-09.00”
,,,
Discus,,,
Class Name,,School,Distance
AAAA  Lisa Longerat,,Sandia,124’-04.00”
AAA Wendy Miller,,Hot Springs,128’-01.00”
AA Armida Herrera,,Eunice,100’-04.00
A Sheryl Scott,,Texico,107’-00.50
,,,
Long Jump,,,
Class Name,,School,Distance
AAAA  Casssandra White,,Hobbs,19’-02.25”
AAA Lynne Frey,,Tucumcari,17’-06.75”
AA Jackie Kemp,,Jal,17’-01.00”
A Toni Brooks,,Tatum,18’-01.00”
,,,
High Jump,,,
Class Name,,School,Distance
AAAA  Carolyn Unglaub,,Mayfield,5’-02.00”
AAA Lynne Frey,,Tucumcari,5’-06.00”
AA Monica Lamberson,,Thoreau,5’-00.00”
A Roxanna Pergeson,,Tatum,5’-02.00”
1984 Girls Track & Field State Champions,,,
,,,
,,,
100 M Dash,,,
Class Name School  Time,,,
AAAA  Terry Florence  Eldorado 12.19,,,
AAA Renea O’Neal  Lovington 12.47,,,
AA Suzanne Hendrix Escalante  12.61,,,
A Toni Brooks Tatum  12.80,,,
,,,
200 M Dash,,,
Class Name School  Time,,,
AAAA  Terry Florence  Eldorado 24.44,,,
AAA Amy Bellah  Lovington  25.10,,,
AA Jackie Kemp Jal 26.80,,,
A Name,,,
,,,
400 M Dash,,,
Class Name School  Time,,,
AAAA  Rita GoldstonManzano 57.58,,,
AAA Amy Bellah  Lovington  58.54,,,
AA Jackie Kemp Jal 60.31,,,
A Joey Hilburn  Tatum60.35,,,
,,,
800 M Dash,,,
Class Name School  Time,,,
AAAA  Lisa Valle Alamogordo 2:22.63,,,
AAA Michelle Montoya  Tucumcari 2:20.82,,,
AA Tina Childers Jal 2:28.32,,,
A Sharla Gardner Dora  2:34.59,,,
,,,
1500 M Run,,,
Class Name School  Time,,,
AAAA  Lisa Valle  Alamogordo  4:43.46,,,
AAA Michelle Montoya  Tucumcari 4:58.99,,,
AA Petula Chischella  Crownpoint 5:20.63,,,
A Rebecca Owens  Reserve 5:20.48,,,
,,,
3000 M Run,,,
Class Name School  Time,,,
AAAA  Woody VernaGallup  10:32.86,,,
AAA Laura Macelhose  Albuquerque Academy 11:20.81,,,
AA Lisa Gonzales  Peñasco 11:30.69,,,
A Mandy Owens  Cloudcroft 11:38.06,,,
,,,
100 M Hurdles (30”),,,
Class Name,School,Time,
AAAA  Tania Thompson,Manzano,14.47,
AAA K.C. Goodwin,Albuquerque Academy,15.4,
AA Claudia Austin,Clayton,15.28,
A Aurora Zamora,Mountainair,15.64,
,,,
300 M Hurdles,,,
Class Name,School,Time,
AAAA  Tania Thompson,Manzano,45.79,
AAA Linly Brummell,St. Pius,47.26,
AA Cludia Austin,Clayton,48.39,
A Aurora Zamora,Mountainair,48.17,
,,,
400 M Relay,,,
Class,School,Time,
AAAA,Albuquerque,49.3,
AAA,Lovington,49.13,
AA,Clayton,52.39,
A,Tatum,50.8,
,,,
800 M Relay,,,
Class,School,Time,
AAAA,Albuquerque,01:45.0,
AAA,Lovington,01:43.8,
AA,Clayton,01:50.4,
A,Tatum,01:46.3,
,,,
800 M Relay Medley,,,
Class,School,Time,
AAAA,Eldorado,01:48.0,
AAA,Goddard,01:51.0,
AA,Springer,01:56.0,
A,Tatum,01:52.7,
,,,
1600 M Relay,,,
Class,School,Time,
AAAA,Las Cruces,04:04.6,
AAA,Robertson,04:07.7,
AA,Jal,04:13.4,
A,Fort Sumner,04:04.9,
Shot Put,,,
Class Name,,School,Distance
AAAA  Carla Garrett,,Sandia,50’-00.25”
AAA Wendi Miller,,Hot Springs,40’-00.25”
AA Berna Garcia,,Escalante,35’-04.75”
A Cheryl Scott,,Texico,35’-10.25”
,,,
Discus,,,
Class Name,,School,Distance
AAAA  Carla Garrett,,Santa Fe,159’-08.00”
AAA Wendi Miller,,Hot Springs,121’-02.00”
AA Richelle Birdwell,,Clayton,98’-08.00”
A Cheryl Scott,,Texico,106’-04.00”
,,,
Long Jump,,,
Class Name,,School,Distance
AAAA  Terry Florence,,Eldorado,18’-02.50”
AAA Annette DiLorenzo,,St. Pius,17’-01.00”
AA Jackie Kemp,,Jal,16’-08.50”
A Toni Brooks,,Tatum,17’-08.50”
,,,
High Jump,,,
Class Name,,School,Distance
AAAA  Latonne Jones,,Clovis,5’-04.00”
AAA Lynne Frey,,Tucumcari,5’-06.00”
AA Claudia Austin,,Clayton,4’-10.00”
A Cheryl Clark,,Melrose,5’-06.00”
1983 Girls Track & Field State Champions,,,
,,,
,,,
100 M Dash,,,
Class Name School  Time,,,
AAAA  Pat Mack Highland 12.18,,,
AAA Tracy WilsonLos Lunas 12.25,,,
AA Lewanda bean  Jal 12.70,,,
A Toni Brooks Tatum  12.20,,,
,,,
200 M Dash,,,
Class Name School  Time,,,
AAAA  Reator Golston Manzano 25.39,,,
AAA Tricia Westenburg Lovington 26.70,,,
AA Lewanda Bean  Jal 26.41,,,
A Toni Brooks Tatum  25.50,,,
,,,
400 M Dash,,,
Class Name School  Time,,,
AAAA  Reator Golston Manzano 57.09,,,
AAA Donna Armenta  Bloomfield  59.06,,,
AA Jackie Kemp Jal 59.00,,,
A Robin Bradley  Melrose 59.35,,,
,,,
800 M Dash,,,
Class Name School  Time,,,
AAAA  Jill Caddes  Las Cruces 2:18.09,,,
AAA Michelle Montoya  Tucumcari 2:21.75,,,
AA Carrie HouseThoreau 2:24.72,,,
A Clair Gonzales Mountainair 2:30.70,,,
,,,
1500 M Run,,,
Class Name School  Time,,,
AAAA  Lisa Valle Alamogordo 4:51.83,,,
AAA Michelle Montoya  Tucumcari 5:02.20,,,
AA Carrie HouseThoreau 5:06.78,,,
A Rebecca Aragon Reserve 5:23.32,,,
,,,
3000 M Run,,,
Class Name School  Time,,,
AAAA  Verna Wood  Gallup  10:46.36,,,
AAA Therese Pacheco West Las Vegas 11:10.24,,,
100 M Hurdles (30”),,,
Class Name,School,Time,
AAAA  Tonia Thompson,Manzano,13.88,
AAA Julie Hansen,Albuquerque Academy,15.08,
AA Amber Welty,Thoreau,15.57,
A D’Raye Hilburn,Tatum,15.51,
,,,
75 M Hurdles (30”),,,
Class Name,School,Time,
AAAA  Tonia Thompson,Manzano,10.6,
AAA Julie Hansen,Albuquerque Academy,11.4,
AA Amber Welty,Thoreau,11.63,
A D’Raye Hilburn,Tatum,11.64,
,,,
400 M Relay,,,
Class,School,Time,
AAAA,Eldorado,48.6,
AAA,Aztec,50.53,
AA,Jal,51.34,
A,Tatum,50.9,
,,,
800 M Relay,,,
Class,School,Time,
AAAA,Manzano,01:43.0,
AAA,Lovington,01:45.6,
AA,Fort Sumner,01:50.0,
A,Tatum,01:46.5,
,,,
800 M Relay Medley,,,
Class,School,Time,
AAAA,Santa Fe,01:50.6,
AAA,Albuquerque Academy,01:56.0,
AA,Fort Sumner,01:57.4,
A,Tatum,01:53.1,
,,,
1600 M Relay,,,
Class,School,Time,
AAAA,Manzano,03:58.0,
AAA,Albuquerque Academy,04:10.3,
AA,Fort Sumner,04:15.2,
A,Texico,04:23.3,
Shot Put,,,
Class Name,,School,Distance
AAAA  Carla Garrett,,Santa Fe,48’-00.75”
AAA Cleo Kent,,Tucumcari,37’-10.00”
AA April Odom,,Jal,36’-01.00”
A Penny Hicks,,Navajo Academy,32’-04.75”
,,,
Discus,,,
Class Name,,School,Distance
AAAA  Carla Garrett,,Santa Fe,162’-00.00”
AAA Cindy Kent,,Kirtland Central,119’-06.00”
AA Karen Green,,Jal,98’-09.00”
A Penny Hicks,,Navajo Academy,100’-01.00”
,,,
Long Jump,,,
Class Name,,School,Distance
AAAA  Tara Spurlock,,Eldorado,18’-08.50”
AAA Kathleen Goodwin,,St. Pius,17’-08.25”
AA Doloras Medina,,Peñasco,16’-03.00”
A Toni Brooks,,Tatum,17’-10.75”
,,,
High Jump,,,
Class Name,,School,Distance
AAAA  Gloria Wims,,Hobbs,5’-04.00”
AAA Shannon Ortiz,,Raton,5’-02.00”
AA Amber Welty,,Thoreau,5’-05.00”
A Karen Snodgrass,,Texico,5’-00.00”
1982 Girls Track & Field State Champions,,,
,,,
,,,
100 M Dash,,,
Class Name School  Time,,,
AAAA  Ann Trela  Los Alamos 12.22,,,
AAA Connie Pyke  Socorro 12.52,,,
AA Jeannie Schaefer Moriarty  13.17,,,
A Robin Bradley  Melrose 12.47,,,
,,,
200 M Dash,,,
Class Name School  Time,,,
AAAA  Reator Golston  Manzano 24.84,,,
AAA Tara Spurlock  Socorro  25.34,,,
AA Jackie Kemp Jal 26.81,,,
A Toni Brooks Capitan  25.84,,,
,,,
400 M Dash,,,
Class Name School  Time,,,
AAAA  Reator Golston Manzano 58.15,,,
AAA Connie Pyke  Socorro 59.50,,,
AA Jackie Kemp Jal 58.28,,,
A Robin Bradley  Melrose 59.85,,,
,,,
800 M Dash,,,
Class Name School  Time,,,
AAAA  Lisa Valle Alamogordo 2:23.92,,,
AAA Dawn Eriacho  Zuni 2:22.79,,,
AA Sandra Gutierrez Santa Rosa  2:24.32,,,
A Laura LewAllen  Santa Fe Prep  2:30.86,,,
,,,
1500 M Run,,,
Class Name School  Time,,,
AAAA  Lisa Valle  Alamogordo 4:51.27,,,
AAA Dawn Eriacho  Zuni 4:56.17,,,
AA Roxy Hunt  Laguna-Acoma 5:07.99,,,
A Mandy Owens  Cloudcroft 5:24.11,,,
,,,
3000 M Run,,,
Class Name School  Time,,,
AAAA  D. Bigbee Santa Fe  10:55.35,,,
AAA Otero Los Lunas  11:10.82,,,
100 M Hurdles (30”),,,
Class Name,School,Time,
AAAA  Tonia Thompson,Manzano,14.48,
AAA Sara Rivera,Raton,15.85,
AA Amber Welty,Thoreau,16.09,
A D’Raye Hilburn,Tatum,15.91,
,,,
75 M Hurdles (30”),,,
Class Name,School,Time,
AAAA  Tonia Thompson,Manzano,10.77,
AAA Sara Rivera,Raton,11.82,
AA Jackie Perea,Estancia,12.21,
A D’Raye Hilburn,Tatum,11.89,
,,,
400 M Relay,,,
Class,School,Time,
AAAA,Alamogordo,48.13,
AAA,Socorro,50.65,
AA,Fort Sumner,52.77,
A,Capitan,51.64,
,,,
800 M Relay,,,
Class,School,Time,
AAAA,Alamogordo,01:45.2,
AAA,Robertson,01:48.5,
AA,Moriarty,01:50.0,
A,Mountainair,01:49.3,
,,,
800 M Relay Medley,,,
Class,School,Time,
AAAA,Hobbs,01:45.9,
AAA,Robertson,01:53.9,
AA,Santa Rosa,01:53.6,
A,Melrose,01:52.2,
,,,
1600 M Relay,,,
Class,School,Time,
AAAA,Sandia,04:01.6,
AAA,Raton,04:06.2,
AA,Fort Sumner,04:12.0,
A,Mountainair,04:13.2,
Shot Put,,,
Class Name,,School,Distance
AAAA  Carla Garrett,,Santa Fe,44’-07.00”
AAA Stella Bruesuelos,,Tularosa,36’-10.00”
AA Brenda Whatley,,Jal,36’-00.00”
A Joyce Barentine,,Cliff,39’-09.75”
,,,
Discus,,,
Class Name,,School,Distance
AAAA  Carla Garrett,,Santa Fe,143’-07.00”
AAA Cindy Maestas,,Kirtland Central,119’-08.00”
AA Brenda Whatley,,Jal,107’-03.00”
A Sunny Steen,,Reserve,110’-08.00”
,,,
Long Jump,,,
Class Name,,School,Distance
AAAA  Shannon Ryan,,Sandia,17’-08.75”
AAA Tara Spurlock,,Socorro,18’-05.00”
AA Jeannie Schaefer,,Moriarty,17’-05.75”
A Delores Gutierrez,,Cliff,17’-06.50”
,,,
High Jump,,,
Class Name,,School,Distance
AAAA  Tonya Sutton,,Clovis,5’-05.00”
AAA Tara Spurlock,,Socorro,5’-01.00”
AA Amber Welty,,Thoreau,5’-02.00”
A Margaret Bliznak,,Corona,5’-06.00”
1981 Girls Track & Field State Champions,,,
,,,
,,,
100 M Dash,,,
Class Name School  Time,,,
AAAA  Dedra Smith  Alamogordo  11.96,,,
AAA Tara Spurlock  Socorro  12.19,,,
AA Nena Garcia Escalante 12.72,,,
A Robin Bradley  Melrose 12.02,,,
,,,
200 M Dash,,,
Class Name School  Time,,,
AAAA  Reator Golston Manzano 24.70,,,
AAA Connie Pike  Socorro 25.66,,,
AA B. Allison  Dexter  27.47,,,
A Robin Bradley  Melrose 25.67,,,
,,,
400 M Dash,,,
Class Name School  Time,,,
AAAA  Reator Golston Manzano 56.67,,,
AAA Connie Pike  Socorro 58.48,,,
AA Michelle Teeter Fort Sumner  60.64,,,
A Robin Bradley  Melrose 60.64,,,
,,,
800 M Dash,,,
Class Name School  Time,,,
AAAA  Janelle NeelySanta Fe  2:16.58,,,
AAA Dawn Ericho Zuni 2:23.45,,,
AA Sandra Gurierrez Santa Rosa  2:25.27,,,
A Lorette Ebell  Roy  2:28.85,,,
,,,
1500 M Run,,,
Class Name School  Time,,,
AAAA  Janelle Neely Santa Fe 4:42.68,,,
AAA Teresa Pacheco West Las Vegas  5:01.91,,,
AA Sandra Gutierrez Santa Rosa  4:56.86,,,
A Lorette Ebell  Roy  5:10.15,,,
,,,
100 M Hurdles (30”),,,
Class Name School  Time,,,
AAAA  Jackie Joiner Alamogordo 14.28,,,
AAA Carmen Mendez Los Lunas  15.39,,,
AA A. Rudiger Animas 15.38,,,
A Tana Barnard Elida  15.41,,,
,,,
75 M Hurdles (30”),,,
Class Name,School,Time,
AAAA  T. Oliver,Highland,11.07,
AAA Carmen Mendez,Los Lunas,11.41,
AA A. Rudiger,Animas,11.61,
A Tana Barnard,Elida,11.37,
,,,
400 M Relay,,,
Class,School,Time,
AAAA,Alamogordo,48.56,
AAA,Lovington,50.11,
AA,Clayton,52.73,
A,Elida,51.95,
,,,
800 M Relay,,,
Class,School,Time,
AAAA,Alamogordo,01:41.8,
AAA,Lovington,01:46.0,
AA,Santa Rosa,01:51.6,
A,Cliff,01:50.4,
,,,
800 M Relay Medley,,,
Class,School,Time,
AAAA,Hobbs,01:47.7,
AAA,Los Lunas,01:52.4,
AA,Fort Sumner,01:58.6,
A,Melrose,01:57.7,
,,,
1600 M Relay,,,
Class,School,Time,
AAAA,Hobbs,03:57.1,
AAA,Robertson,04:04.2,
AA,Fort Sumner,04:16.2,
A,Texico,04:19.3,
,,,
Shot Put,,,
Class Name,School,Distance,
AAAA  Cynthia Williams,Hobbs,41’-06.25”,
AAA Beverly Stobb,Portales,38’-06.50”,
AA Sherry Maulsby,Clayton,34’-05.75”,
A Cathy Rylant,Hope,35’-03.50”,
Discus,,,
Class Name,,School,Distance
AAAA  Foote,,Farmington,127’-11.00”
AAA Chris Bernard,,Aztec,119’-02.00”
AA Brenda Whatley,,Jal,110’-08.00”
A Loretta Griego,,Mountainair,106’-09.00”
,,,
Long Jump,,,
Class Name,,School,Distance
AAAA  Bailey,,Hobbs,18’-02.75”
AAA Tara Spurlock,,Socorro,18’-00.00”
AA Claudia Austin,,Clayton,16’-09.00”
A Veronica Dickinson,,Melrose,16’-11.00”
,,,
High Jump,,,
Class Name,,School,Distance
AAAA  Tonya Sutton,,Covis,5’-03.00”
AAA Kara Priddy,,Kirtland Central,5’-06.00”
AA Claudia Austin,,Clayton,5’-00.00”
A Margaret Bliznak,,Corona,5’-05.00”
1980 Girls Track & Field State Champions,,,
,,,
,,,
100 M Dash,,,
Class Name School  Time,,,
AAAA  Lynae Warren  Highland 12.01,,,
AAA Connie Pyke  Socorro 12.41,,,
AA Brenda Moore  Jal 12.55,,,
A Lisa May  Elida  12.58,,,
,,,
200 M Dash,,,
Class Name School  Time,,,
AAAA  Lynae Warren  Highland 24.76,,,
AAA Geane Howard Lovington 25.72,,,
AA Michele Teeter Fort Sumner 27.20,,,
A Lisa May  Elida  24.15,,,
,,,
400 M Dash,,,
Class Name School  Time,,,
AAAA  Sandy Beach  Valley  57.71,,,
AAA Marlene Chavez Los Lunas 58.92,,,
AA Ellen BaughsMoriarty  61.55,,,
A Denise Archuleta Maxwell 61.61,,,
,,,
800 M Dash,,,
Class Name School  Time,,,
AAAA  Sandy Beach  Valley  2:14.67,,,
AAA Loretta Marrujo Tularosa 2:27.28,,,
AA Michele Teeter Fort Sumner 2:21.58,,,
A Debbie Gallagher Carrizozo 2:25.34,,,
,,,
1500 M Run,,,
Class Name School  Time,,,
AAAA  Kristi Rapp Manzano 4:42.08,,,
AAA Lisa Matthews St. Pius X 5:04.09,,,
AA Roberta Touchin  Laguna-Acoma 4:59.31,,,
A Debbie Gallagher Carrizozo 5:00.45,,,
,,,
100 M Hurdles (30”),,,
Class Name School  Time,,,
AAAA  Shannon Ryan  Sandia  14.20,,,
AAA Jeanie Murphy  Tularosa 15.46,,,
AA Jeanne Vandiver Clayton 15.60,,,
A Leisha Joiner Tatum  15.04,,,
,,,
75 M Hurdles (30”),,,
Class Name,School,Time,
AAAA  Archuleta,Cibola,11.1,
AAA Jeanie Murphy,Tularosa,11.85,
AA Jeanne Vandiver,Clayton,11.24,
A Leisha Joiner,Tatum,11.5,
,,,
400 M Relay,,,
Class,School,Time,
AAAA,Hobbs,49.06,
AAA,Lovington,50.56,
AA,Jal,51.72,
A,Elida,50.83,
,,,
800 M Relay,,,
Class,School,Time,
AAAA,Alamogordo,01:43.6,
AAA,Los Lunas,01:46.1,
AA,Moriarty,01:47.8,
A,Logan,01:48.3,
,,,
800 M Relay Medley,,,
Class,School,Time,
AAAA,Sandia,01:48.0,
AAA,Silver,01:50.7,
AA,Santa Rosa,01:55.8,
A,Mountainair,01:56.6,
,,,
1600 M Relay,,,
Class,School,Time,
AAAA,Sandia,03:59.4,
AAA,Los Lunas,04:06.5,
AA,Moriarty,04:15.5,
A,Maxwell,04:18.2,
,,,
Shot Put,,,
Class Name,School,Distance,
AAAA  Carol Cady,Los Alamos,43’-00. 25”,
AAA Lorrette Fidel,Raton,38’-10.25”,
AA Sherry Maulsby,Clayton,34’-05.00”,
A Terri Rains,Elida,33’-04.75”,
Discus,,,
Class Name,,School,Distance
AAAA  Carol Cady,,Los Alamos,143’-02.00”
AAA Tina Navarro,,Tucumcari,108’-03.00”
AA Annette Padilla,,Moriarty,104’-03.00”
A Sheila Felto,,Roy,92’-08.50”
,,,
Long Jump,,,
Class Name,,School,Distance
AAAA  Warren,,Highland,5.79m
AAA Michelle Flores,,Silver,17’-00.75”
AA Jeanne Vandiver,,Clayton,16’-01.00”
A Leisha Joiner,,Tatum,15’-05.25”
,,,
High Jump,,,
Class Name,,School,Distance
AAAA  Christie Best,,Sandia,5’-06.00”
AAA Cara Priddy,,Kirtland Central,5’-05.00”
AA Diana Summer,,Jal,5’-01.00”
A Leisha Joiner,,Tatum,5’-03.00”
1979 Girls Track & Field State Champions,,,
,,,
,,,
100 Y Dash,,,
Class Name School  Time,,,
AAAA  Cheryl Thompson West Mesa  10.90,,,
AAA Jeannie Howard Lovington 11.26,,,
AA Tana Fallon Fort Sumner  11.57,,,
A Robin Bradley  Melrose 11.81,,,
,,,
220 Y Dash,,,
Class Name School  Time,,,
AAAA  Cheryl Thompson West Mesa  24.91,,,
AAA Jeannie Howard Lovington 26.91,,,
AA Rose Valdez Clayton 26.03,,,
A Norma Skelton Logan26.95,,,
,,,
440 Y Dash,,,
Class Name School  Time,,,
AAAA  Cheryl Thompson West Mesa  57.11,,,
AAA Felicia Sheilds  Tularosa  60.87,,,
AA Rose Valdez Clayton 60.13,,,
A Heidi Staab Maxwell 61.41,,,
,,,
880 Y Dash,,,
Class Name School  Time,,,
AAAA  Sandy Beach  Valley  2:19.41,,,
AAA Loretta Marrujo Tularosa  2:25.65,,,
AA Berta Touchin  Laguna-Acoma 2:21.69,,,
A Lisa Loffey Texico  2:26.70,,,
,,,
Mile Run,,,
Class Name School  Time,,,
AAAA  Janelle Neeley  Santa Fe 5:18.03,,,
AAA Loretta Marrujo Tularosa 5:34.57,,,
AA Lollie Hampton Laguna-Acoma 5:26.77,,,
A Debbie Gallagher Carrizozo 5:46.16,,,
,,,
110 Y Hurdles (30”),,,
Class Name School  Time,,,
AAAA  Jackie Boley Roswell 14.35,,,
AAA Mary Goodwin St. Pius X 14.72,,,
AA Jeannie Vandiver Clayton 15.28,,,
A Tanya Harrington Texico  15.98,,,
,,,
80 Y Hurdles (30”),,,
Class Name,School,Time,
AAAA  Jackie Boley,Roswell,10.41,
AAA Mary Goodwin,St. Pius X,10.78,
AA Delores Gutierrez,Hatch,11.63,
A Leisha Joiner,Tatum,11.22,
,,,
440 Y Relay,,,
Class,School,Time,
AAAA,Alamogordo,48.7,
AAA,Lovington,50.74,
AA,Clayton,51.39,
A,Elida,52.07,
,,,
880 Y Relay,,,
Class,School,Time,
AAAA,Hobbs,01:41.0,
AAA,Lovington,01:49.2,
AA,Moriarty,01:49.5,
A,Texico,01:49.8,
,,,
880 Y Relay Medley,,,
Class,School,Time,
AAAA,Hobbs,01:47.5,
AAA,Tularosa,01:56.2,
AA,Fort Sumner,01:55.3,
A,Maxwell,01:55.3,
,,,
Mile Relay,,,
Class,School,Time,
AAAA,Hobbs,03:57.3,
AAA,Artesia,04:14.0,
AA,Fort Sumner,04:09.0,
A,Maxwell,04:13.3,
,,,
Shot Put,,,
Class Name,School,Distance,
AAAA  Carmen Smith,Alamogordo,44’-00.00”,
AAA Linda Rodriguez,Los Lunas,36’10.00”,
AA Brenda Whatley,Jal,34’-09.75”,
A Gina Linder,Dora,37’-00.25”,
Discus,,,
Class Name,,School,Distance
AAAA  Foote,,Farmington,127’-08.00”
AAA Laurie Sullivan,,Aztec,119’-03.00”
AA Annette Padilla,,Moriarty,100’-06.00”
A Gina Linder,,Dora,104’-03.00”
,,,
Long Jump,,,
Class Name,,School,Distance
AAAA  Warren,,Highland,18’-05.00”
AAA Mary Goodwin,,St. Pius X,17’-07.75
AA Tana Fallon,,Fort Sumner,17’-02.00”
A Leisha Joiner,,Tatum,16’-03.00”
,,,
High Jump,,,
Class Name,,School,Distance
AAAA  Thompson,,Hobbs,5’-05.00”
AAA Cara Priddy,,Kirtland Central,5’-02.00”
AA Margaret Bliznak,,Fort Sumner,5’-03.50”
A Leisha Joiner,,Tatum,5’-02.25”
,1978 Girls Track & Field State Champions,,
,,,
,,,
50 Y Dash,,,
Class,Name School  Time,,
AAAA,Renee Rosmary Goddard  6.1,,
AAA,L. Sanchez Aztec 6.4,,
AA,Tana Fallon Fort Sumner  6.2,,
A,April Rosenberry Cliff 6.4,,
,,,
100 Y Dash,,,
Class,Name School  Time,,
AAAA,Cheryl Thompson West Mesa  11.2,,
AAA,L. Alexander Lovington 11.8,,
AA,Tana Fallon Fort Sumner  11.4,,
A,Missy McCarthy Cloudcroft 11.6,,
,,,
220 Y Dash,,,
Class,Name School  Time,,
AAAA,Cheryl Thompson West Mesa  25.4,,
AAA,L. Alexander Lovington 27.2,,
AA,Tana Fallon  Fort Sumner 26.3,,
A,Missy McCarthy Cloudcroft 27.2,,
,,,
440 Y Dash,,,
Class,Name School  Time,,
AAAA,Cheryl Thompson West Mesa  57.1,,
AAA,Brannon Artesia  62.3,,
AA,Rose Valdez Clayton 61.2,,
A,Missy McCarthy Cloudcroft 61.5,,
,,,
880 Y Dash,,,
Class,Name School  Time,,
AAAA,Sandy Beach  Valley  2:15.1,,
AAA,Loretta Marrujo Tularosa  2:25.5,,
AA,Harla Webb Ruidoso 2:21.8,,
A,Diana LarsonReserve  2:32.2,,
,,,
Mile Run,,,
Class,Name School  Time,,
AAAA,Sandy Beach Valley  5:16.8,,
AAA,Loretta Marrujo Tularosa 5:30.3,,
AA,Etheleen Garcia Laguna-Acoma  5:30.6,,
A,Rodriguez Vaughn  5:52.0,,
,,,
110 Y Hurdles (30”),,,
Class Name,School,Time,
AAAA  Christine Brockhoff,Manzano,14.3,
AAA B. Williard,Lovington,14.7,
AA Jody  O’Byrne,Animas,15.6,
A Becky Whited,Tatum,15.9,
,,,
80 Y Hurdles (30”),,,
Class Name,School,Time,
AAAA  Christine Brockhoff,Manzano,10.5,
AAA Mary Goodwin,St. Pius X,10.6,
AA Jody  O’Byrne,Animas,11.4,
A Becky Whited,Tatum,11.5,
,,,
440 Y Relay,,,
Class,School,Time,
AAAA,Farmington,48.7,
AAA,Lovington,51.7,
AA,Clayton,53.4,
A,Tatum,52.7,
,,,
880 Y Relay,,,
Class,School,Time,
AAAA,Manzano,01:43.2,
AAA,Cobre,01:49.5,
AA,Estancia,01:51.7,
A,Maxwell,01:52.2,
,,,
880 Y Relay Medley,,,
Class,School,Time,
AAAA,Farmington,01:46.9,
AAA,Hot Springs,01:54.7,
AA,Estancia,01:58.5,
A,Cloudcroft,01:56.4,
,,,
Mile Relay,,,
Class,School,Time,
AAAA,Farmington,04:01.7,
AAA,Silver,04:14.1,
AA,Clayton,04:18.2,
A,Tatum,04:14.1,
Shot Put,,,
Class Name,,School,Distance
AAAA  Carmen Smith,,Alamogordo,41’-05.75”
AAA Mendonca,,Tularosa,37’-00.00”
AA Wagner,,Dexter,34’-03.50”
A S. Felton,,Roy,33’-08.00”
,,,
Discus,,,
Class Name,,School,Distance
AAAA  Farley,,Roswell,117’-08.00”
AAA Sanchez,,St. Pius X,108’-04.00”
AA Glenda Tindell,,Estancia,95’-06.00”
A Sue Southhall,,Quemado,94’-02.00”
,,,
Softball Throw,,,
Class Name,,School,Distance
AAAA  Carolyn Thompson,,Hobbs,231’-02.00”
AAA Sifuentes,,Cobre,232’-02.00”
AA Doris Huey,,Jal,225’-03.00”
A Kathy Rodolph,,Cloudcroft,180’-10.00”
,,,
Long Jump,,,
Class Name,,School,Distance
AAAA  Lee,,Alamogordo,18’-01.50”
AAA Mary Goodwin,,St. Pius X,17’-00.25
AA Tana Fallon,,Fort Sumner,17’-04.50”
A L. Quintana,,Maxwell,16’-05.00”
,,,
High Jump,,,
Class Name,,School,Distance
AAAA  Margaret Metcalf,,Manzano,5’-06.00”
AAA Mary Goodwin,,St. Pius X,5’-02.00”
AA Renee Schlesner,,Estancia,5’-02.00”
A Margaret Bliznak,,Vaughn,5’-02.00”
,1977 Girls Track & Field State Champions,,
,,,
,,,
50 Y Dash,,,
Class,Name School  Time,,
AAAA,Val Boyer Manzano  5.77,,
AAA,Main  Raton 6.12,,
AA,Vicky Swartz Jal 6.08,,
A,Pam Cardwell  Tatum  6.39,,
,,,
100 Y Dash,,,
Class,Name School  Time,,
AAAA,Val Boyer Manzano 10.52,,
AAA,Shinas  St. Mike’s 11.19,,
AA,Vicky Swartz Jal 11.08,,
A,Missy McCarthy Cloudcroft 11.56,,
,,,
220 Y Dash,,,
Class,Name School  Time,,
AAAA,Val Boyer Manzano  25.06,,
AAA,Murphy Tularosa 26.16,,
AA,Debbie Crumpton Clayton 26.60,,
A,Missy McCarthy Cloudcroft 27.25,,
,,,
440 Y Dash,,,
Class,Name School  Time,,
AAAA,Margaret Metcalf Manzano  56.46,,
AAA,Bobbs  Lovington  59.88,,
AA,Tana Fallon Fort Sumner 60.99,,
A,Missy McCarthy Cloudcroft 61.28,,
,,,
880 Y Dash,,,
Class,Name School  Time,,
AAAA,Margaret Metcalf Manzano 2:20.29,,
AAA,Whitfield Academy 2:29.28,,
AA,Roberta Touchins Laguna-Acoma 2:22.48,,
A,Cary Moore  Elida 2:32.70,,
,,,
Mile Run,,,
Class,Name School  Time,,
AAAA,Janet Wroblewski Cibola  5:20.30,,
AAA,Lisa Matthews St. Pius X 5:30.51,,
AA,Etheleen Garcia Laguna-Acoma  5:40.56,,
A,Sally Chappell Santa Fe Prep5:54.81,,
,,,
110 Y Hurdles (30”),,,
Class Name,School,Time,
AAAA  Peggy Mallory,Del Norte,14.24,
AAA Mary Goodwin,St. Pius X,14.63,
AA Yvette Howell,Estancia,15.85,
A Jody  O’Byrne,Animas,15.28,
,,,
80 Y Hurdles (30”),,,
Class Name,School,Time,
AAAA  Boley,Roswell,10.4,
AAA Mary Goodwin,St. Pius X,10.77,
AA Hope Rice,Clayton,11.3,
A Jody  O’Byrne,Animas,11.33,
,,,
440 Y Relay,,,
Class,School,Time,
AAAA,Hobbs,49.84,
AAA,Lovington,51.04,
AA,Clayton,50.65,
A,Tatum,52.91,
,,,
880 Y Relay,,,
Class,School,Time,
AAAA,Roswell,01:45.0,
AAA,Belen,01:46.2,
AA,Clayton,01:47.0,
A,Reserve,01:51.3,
,,,
880 Y Relay Medley,,,
Class,School,Time,
AAAA,Carlsbad,01:51.4,
AAA,Raton,01:55.7,
AA,Clayton,01:54.0,
A,Reserve,01:57.4,
,,,
Mile Relay,,,
Class,School,Time,
AAAA,Manzano,04:04.7,
AAA,Belen,04:02.6,
AA,Estancia,04:12.2,
A,Tatum,04:14.9,
Shot Put,,,
Class Name,,School,Distance
AAAA  Theresa Redinger,,West Mesa,41’-00.50”
AAA Shorter,,Aztec,38’-02.25”
AA Whitener,,Texico,36’-02.00”
A Garcia,,Moutainair,34’-07.00”
,,,
Discus,,,
Class Name,,School,Distance
AAAA  Rivas,,Farmington,113’-08.00”
AAA Misquez,,Cobre,105’-01.00”
AA June Meredith,,Estancia,116’-00.00”
A Karen Kaufman,,Tatum,96’-05.00”
,,,
Softball Throw,,,
Class Name,,School,Distance
AAAA  J. Klein,,Sandia,203’-08.00”
AAA Sanchez,,St. Pius X,207’-08.00”
AA Tina Young,,Hatch,191’-10.00”
A Lisa Lamb,,Capitan,171’-09.00”
,,,
Long Jump,,,
Class Name,,School,Distance
AAAA  Mallory,,Del Norte,18’-02.50”
AAA Mary Goodwin,,St. Pius X,17’-11.50
AA Valdez,,Clayton,17’-04.00”
A Archuleta,,Maxwell,17’-00.50”
,,,
High Jump,,,
Class Name,,School,Distance
AAAA  Margaret Metcalf,,Manzano,5’-07.00”
AAA Fields,,Portales,4’-10.75”
AA Renee Schlesner,,Estancia,5’-03.25”
A Leisha Joiner,,Tatum,5’-01.00”
,1976 Girls Track & Field State Champions,,
,,,
,,,
50 Y Dash,,,
Class,Name School  Time,,
AA,Val Boyer Manzano 6.13,,
A,Lynette Gutierrez Magdalena 6.16,,
,,,
100 Y Dash,,,
Class,Name School  Time,,
AA,Val Boyer Manzano 11.08,,
A,Lynette Gutierrez Magdalena 11.48,,
,,,
220 Y Dash,,,
Class,Name School  Time,,
AA,Val Boyer Manzano 25.24,,
A,Debbie Crumpton Clayton 26.25,,
,,,
440 Y Dash,,,
Class,Name School  Time,,
AA,Cindy Ashby Del Norte 57.03,,
A,Missy McCarthy Cloudcroft 60.68,,
,,,
880 Y Dash,,,
Class,Name School  Time,,
AA,Janet Wroblewski Cibola  2:22.48,,
A,Robin Steen  Reserve  2:25.3,,
,,,
Mile Run,,,
Class,Name School  Time,,
AA,Kathy Gill Sandia  5:15.61,,
A,Ethyl Garcia Laguna-Acoma 5:32.3,,
,,,
50 Y Hurdles,,,
Class,Name School  Time,,
AA,Arleen Lawson Lovington 6.78,,
A,Jennifer Alsup  Clayton 7.61,,
,,,
80 Y Hurdles (30”),,,
Class,Name School  Time,,
AA,Wilkinson Las Cruces 10.58,,
A,Hope Rice Clayton 11.8,,
440 Y Relay,,,
Class,School,Time,
AA,Del Norte,49.51,
A,Jal,50.75,
,,,
880 Y Relay,,,
Class,School,Time,
AA,Roswell,01:46.1,
A,Clayton,01:46.8,
,,,
880 Y Relay Medley,,,
Class,School,Time,
AA,Del Norte,01:51.2,
A,Estancia,01:55.2,
,,,
Mile Relay,,,
Class,School,Time,
AA,Belen,03:59.9,
A,Estancia,04:10.0,
,,,
Shot Put,,,
Class Name,School,Distance,
AA Celeste Wilkenson,Las Cruces,42’-06.00”,
A Bernie Montoya,Des Moines,37’-03.00”,
,,,
Discus,,,
Class Name,School,Distance,
AA Munsell,Clovis,124’7”,
A Diane Walker,Des Moines,111’-11.00”,
,,,
Softball Throw,,,
Class Name,School,Distance,
AA Tammy Goff,Carlsbad,210’-02.00”,
A Powell,Logan,193’-02.00”,
,,,
Long Jump,,,
Class Name,School,Distance,
AA Val Boyer,Manzano,17’-1.25”,
A Tana Fallon,Fort Sumner,16’-04.75”,
,,,
High Jump,,,
Class Name,School,Distance,
AA Annie Gilliland,Del Norte,5’-08.00”,
A Renee Schlesner,Estancia,5’-00.00”,
,1975 Girls Track & Field State Champions,,
,,,
,,,
50 Y Dash,,,
Class,Name School  Time,,
AA,Sheryl Scott Portales 6.1,,
A,Lynette Gutierrez Magdalena 6.1,,
,,,
100 Y Dash,,,
Class,Name School  Time,,
AA,Julia Fultz Alamogordo 11.1,,
A,Fallon  Fort Sumner 11.2,,
,,,
220 Y Dash,,,
Class,Name School  Time,,
AA,Hill Roswell 26.0,,
A,Fallon  Fort Sumner 26.5,,
,,,
440 Y Dash,,,
Class,Name School  Time,,
AA,Vicki Cox Belen 57.7,,
A,Lynette Gutierrez Magdalena 60.0,,
,,,
880 Y Dash,,,
Class,Name School  Time,,
AA,Worblewski Cibola  2:21.2,,
A,Cary Moore  Elida  2:27.3,,
,,,
Mile Run,,,
Class,Name School  Time,,
AA,Virginia Middleton Gallup  5:25.6,,
A,Leasure Estancia 5:36.1,,
,,,
50 Y Hurdles,,,
Class,Name School  Time,,
AA,Lawson Lovington 7.0,,
A,Tammy Harshey Hagerman 7.3,,
,,,
80 Y Hurdles (30”),,,
Class,Name School  Time,,
AA,Lawson Lovington 10.7,,
A,McGuire Dexter  11.8,,
440 Y Relay,,,
Class,School,Time,
AA,Clovis,50.5,
A,Jal,51.2,
,,,
880 Y Relay,,,
Class,School,Time,
AA,Clovis,01:47.4,
A,Estancia,01:49.0,
,,,
880 Y Relay Medley,,,
Class,School,Time,
AA,Santa Fe,01:52.0,
A,Estancia,01:55.8,
,,,
Mile Relay,,,
Class,School,Time,
AA,Belen,04:07.0,
A,Estancia,04:14.5,
,,,
Shot Put,,,
Class Name,School,Distance,
AA Jeri Daniels,Goddard,38’-10.00”,
A Bernie Montoya,Des Moines,34’-02.75”,
,,,
Discus,,,
Class Name,School,Distance,
AA Davis,Clovis,127’5”,
A Diane Walker,Des Moines,113’-08.75”,
,,,
Softball Throw,,,
Class Name,School,Distance,
AA Tammy Goff,Carlsbad,210’-02.00”,
A M. Stewart,Texico,197’-01.50”,
,,,
Long Jump,,,
Class Name,School,Distance,
AA Virgilene Smith,Carlsbad,15’2”,
A Sharron Scott,Reserve,17’-02.25”,
,,,
High Jump,,,
Class Name,School,Distance,
AA Dinie Norero,Del Norte,5’-03.50”,
A Kathy Grissom,Fort Sumner,4’-10.50”,
,1974 Girls Track & Field State Champions,,
,,,
,,,
50 Y Dash,,,
,Name School  Time,,
,Connie Kuper  Amistad 6.0,,
,,,
100 Y Dash,,,
,Name School  Time,,
,Delores Hudson Artesia  11.1,,
,,,
220 Y Dash,,,
,Name School  Time,,
,Gutierrez Magdalena 25.9,,
,,,
440 Y Dash,,,
,Name School  Time,,
,Lynette Gutierrez Magdalena 62.5,,
,,,
880 Y Dash,,,
,Name School  Time,,
,C. Governal Belen 2:28.9,,
,,,
Mile Run,,,
,Name School  Time,,
,Ellen Hart Academy 5:32.5,,
,,,
50 Y Hurdles,,,
,Name School  Time,,
,B. Terry  San Jon  7.3,,
,,,
80 Y Hurdles (30”),,,
,Name School  Time,,
,Dyer Tatum  11.4,,
,,,
440 Y Relay,,,
,School  Time,,
,Artesia  51.2,,
,,,
880 Y Relay,,,
,School  Time,,
,Tatum  1:51.4,,
,,,
,,,
880 Y Relay Medley,,,
,School,Time,
,Tatum,01:57.0,
,,,
Mile Relay,,,
,School,Time,
,Belen,04:18.5,
,,,
Shot Put,,,
Name,School,Distance,
Alma Flowers,Silver City,39’-01.00”,
,,,
Discus,,,
Name,School,Distance,
Mildred Morris,Capitan,118’2”,
,,,
Softball Throw,,,
Name,School,Distance,
Dorothy Cisneros,Espanola,189’-05.00”,
,,,
Long Jump,,,
Name,School,Distance,
S. Scott,Reserve,17’-1”,
,,,
High Jump,,,
Name,School,Distance,
Janet Marsh,Los Alamos,5’-00.00”,
,1973 Girls Track & Field State Champions,,
,,,
,,,
50 Y Dash,,,
,Name School  Time,,
,Connie Kuper  Amistad 6.6,,
,,,
100 Y Dash,,,
,Name School  Time,,
,Nora Carter Sandia  11.8,,
,,,
220 Y Dash,,,
,Name School  Time,,
,S. Lindey Texico  27.3,,
440 Y Dash,,,
,Name School  Time,,
,Clair Munyon  Los Alamos 62.9,,
,,,
880 Y Dash,,,
,Name School  Time,,
,R. Woodard Zuni 2:40.8,,
,,,
Mile Run,,,
,Name School  Time,,
,Ellena Moreno Quemado 6:18.6,,
,,,
50 Y Hurdles,,,
,Name School  Time,,
,Elizabeth Dyer  Tatum  8.0,,
,,,
80 Y Hurdles (30”),,,
,Name School  Time,,
,Nora Carter Sandia  11.7,,
,,,
440 Y Relay,,,
,School  Time,,
,Amistad 53.6,,
,,,
880 Y Relay,,,
,School  Time,,
,Texico  1:55.4,,
,,,
880 Y Relay Medley,,,
,School,Time,
,Texico,01:55.4,
,,,
Mile Relay,,,
,School,Time,
,Texico,04:40.2,
,,,
Shot Put,,,
Name,School,Distance,
Alma Flowers,Silver City,35’-05.75”,
,,,
Discus,,,
Name,School,Distance,
Donna Dempsey,Sandia,99’-4”,
,,,
Softball Throw,,,
Name,School,Distance,
Lois Lloyd,Raton,215’-01.50”,
,,,
Long Jump,,,
Name,School,Distance,
Robin Geller,Tatum,16’-3.75”,
,,,
High Jump,,,
Name,School,Distance,
Beverly Hampton,Gallup,4’-11.00”,
